Berserk,Manga,Ongoing,Publishing,Aug 25 1989 to ?,Action / Adventure / Demons / Drama / Fantasy / Horror / Supernatural / Military / Psychological / Seinen,Miura Kentarou (Story & Art),Young Animal,9.33,1,4,139571
JoJo's Bizarre Adventure Part 7: Steel Ball Run,Manga,96,Finished,Jan 19 2004 to Apr 19 2011,Action / Adventure / Mystery / Historical / Horror / Shounen / Supernatural,Araki Hirohiko (Story & Art),Ultra Jump,9.21,2,50,54901
Fullmetal Alchemist,Manga,116,Finished,Jul 12 2001 to Sep 11 2010,Action / Adventure / Comedy / Drama / Shounen / Military,Arakawa Hiromu (Story & Art),Shounen Gangan,9.12,3,11,110885
One Piece,Manga,Ongoing,Publishing,Jul 22 1997 to ?,Action / Adventure / Comedy / Fantasy / Shounen / Super,Oda Eiichiro (Story & Art),Shounen Jump (Weekly),9.08,4,2,185560
Monster,Manga,162,Finished,Dec 5 1994 to Dec 20 2001,Mystery / Drama / Psychological / Seinen,Urasawa Naoki (Story & Art),Big Comic Original,9.07,5,39,41412
Vagabond,Manga,327,On Hiatus,Mar 23 1999 to May 21 2015,Action / Adventure / Drama / Historical / Samurai / Seinen,Inoue Takehiko (Story & Art)  Yoshikawa Eiji (Story),Morning,9.05,6,22,46282
Goodnight Punpun,Manga,147,Finished,Mar 15 2007 to Nov 2 2013,Drama / Slice of Life / Psychological / Seinen,Asano Inio (Story & Art),Big Comic Spirits,9.03,7,12,70638
Kingdom,Manga,Ongoing,Publishing,Jan 26 2006 to ?,Action / Drama / Historical / Military / Seinen,Hara Yasuhisa (Story & Art),Young Jump,9.01,8,78,28524
Grand Blue Dreaming,Manga,Ongoing,Publishing,Apr 7 2014 to ?,Comedy / Slice of Life / Seinen,Inoue Kenji (Story)  Yoshioka Kimitake (Art),good! Afternoon,9,9,71,26582
Slam Dunk,Manga,276,Finished,Sep 18 1990 to Jun 4 1996,Comedy / Drama / School / Shounen / Sports,Inoue Takehiko (Story & Art),Shounen Jump (Weekly),8.98,10,89,34574
20th Century Boys,Manga,249,Finished,Sep 27 1999 to Apr 24 2006,Mystery / Drama / Historical / Sci-Fi / Psychological / Seinen,Urasawa Naoki (Story & Art),Big Comic Spirits,8.96,11,37,40663
Monogatari Series: First Season,Novel,107,Finished,Nov 1 2006 to Jul 28 2010,Action / Comedy / Mystery / Romance / Vampire / Supernatural,NISIO ISIN (Story)  VOFAN (Art),Mephisto,8.94,12,257,8418
Solo Leveling,Manhwa,Ongoing,Publishing,Mar 4 2018 to ?,Action / Adventure / Fantasy,Chugong (Story)  Jang Sung-rak (Art),Kakao,8.94,13,57,47106
Kaguya-sama: Love is War,Manga,Ongoing,Publishing,May 19 2015 to ?,Comedy / Romance / School / Seinen,Akasaka Aka (Story & Art),Young Jump,8.93,14,43,38322
My Youth Romantic Comedy Is Wrong As I Expected,Novel,Ongoing,Publishing,Mar 23 2011 to ?,Comedy / Romance / School,Watari Wataru (Story)  Ponkan⑧ (Art),None,8.9,15,168,11021
Made in Abyss,Manga,Ongoing,Publishing,Oct 20 2012 to ?,Adventure / Drama / Fantasy / Sci-Fi,Tsukushi Akihito (Story & Art),Web Comic Gamma,8.89,16,74,25646
GTO: Great Teacher Onizuka,Manga,208,Finished,Dec 11 1996 to Jan 30 2002,Action / Comedy / Drama / Ecchi / School / Shounen,Fujisawa Tohru (Story & Art),Shounen Magazine (Weekly),8.89,17,58,40833
Spice & Wolf,Novel,Ongoing,Publishing,Feb 10 2006 to ?,Adventure / Drama / Fantasy / Historical / Romance / Supernatural,Hasekura Isuna (Story)  Ayakura Juu (Art),None,8.89,18,176,11239
Monogatari Series: Second Season,Novel,199,Finished,Oct 27 2010 to Dec 20 2011,Comedy / Mystery / Drama / Vampire / Supernatural,NISIO ISIN (Story)  VOFAN (Art),None,8.88,19,881,2904
Yotsuba&!,Manga,Ongoing,Publishing,Mar 21 2003 to ?,Comedy / Slice of Life,Azuma Kiyohiko (Story & Art),Dengeki Daioh,8.87,20,52,36698
Vinland Saga,Manga,Ongoing,Publishing,Apr 13 2005 to ?,Action / Adventure / Drama / Historical / Seinen,Yukimura Makoto (Story & Art),Afternoon,8.87,21,28,44184
Nausicaä of the Valley of the Wind,Manga,59,Finished,Oct 9 1982 to Feb 10 1994,Action / Adventure / Fantasy / Supernatural,Miyazaki Hayao (Story & Art),Animage,8.86,22,236,11345
A Silent Voice,Manga,64,Finished,Aug 7 2013 to Nov 19 2014,Drama / School / Shounen,Ooima Yoshitoki (Story & Art),Shounen Magazine (Weekly),8.86,23,13,97408
Yona of the Dawn,Manga,Ongoing,Publishing,Aug 5 2009 to ?,Action / Comedy / Fantasy / Romance / Shoujo,Kusanagi Mizuho (Story & Art),Hana to Yume,8.85,24,72,28874
Ashita no Joe,Manga,171,Finished,Jan 1 1968 to May 13 1973,Drama / Shounen / Sports / Slice of Life,Kajiwara Ikki (Story)  Chiba Tetsuya (Art),Shounen Magazine (Weekly),8.85,25,423,7429
The Empty Box and Zeroth Maria,Novel,40,Finished,Jan 10 2009 to Jun 10 2015,Action / Mystery / Drama / Horror / Romance / School / Supernatural / Psychological / Thriller,Mikage Eiji (Story)  Tetsuo (Art),None,8.84,26,70,15164
Haikyu!!,Manga,Ongoing,Publishing,Feb 20 2012 to ?,Comedy / Drama / School / Shounen / Sports,Furudate Haruichi (Story & Art),Shounen Jump (Weekly),8.83,27,56,36818
Space Brothers,Manga,Ongoing,Publishing,Dec 6 2007 to ?,Drama / Sci-Fi / Space / Seinen,Koyama Chuuya (Story & Art),Morning,8.82,28,524,5004
March Comes in Like a Lion,Manga,Ongoing,Publishing,Jul 13 2007 to ?,Drama / Game / Slice of Life / Seinen,Umino Chika (Story & Art),Young Animal,8.81,29,276,9035
Monogatari Series: Final Season,Novel,231,Finished,Sep 28 2012 to Sep 18 2014,Comedy / Mystery / Vampire / Supernatural,NISIO ISIN (Story)  VOFAN (Art),None,8.8,30,1119,1919
One-Punch Man,Manga,Ongoing,Publishing,Jun 14 2012 to ?,Action / Comedy / Parody / Sci-Fi / Super / Supernatural,Murata Yusuke (Art)  ONE (Story),Tonari no Young Jump,8.77,31,7,117345
Land of the Lustrous,Manga,Ongoing,Publishing,Oct 25 2012 to ?,Action / Fantasy / Seinen,Ichikawa Haruko (Story & Art),Afternoon,8.77,32,193,12246
Mushishi,Manga,50,Finished,Nov 1999 to Aug 25 2008,Mystery / Fantasy / Historical / Supernatural / Seinen,Urushibara Yuki (Story & Art),Afternoon,8.77,33,163,12793
Tower of God,Manhwa,Ongoing,Publishing,Jul 5 2010 to ?,Action / Adventure / Mystery / Drama / Fantasy,SIU (Story & Art),Naver Webtoon,8.76,34,120,24687
Yokohama Shopping Log,Manga,142,Finished,Apr 25 1994 to Feb 25 2006,Drama / Sci-Fi / Slice of Life / Seinen,Ashinano Hitoshi (Story & Art),Afternoon,8.73,35,206,11067
Death Note,Manga,108,Finished,Dec 1 2003 to May 15 2006,Mystery / Drama / Shounen / Supernatural / Psychological,Obata Takeshi (Art)  Ohba Tsugumi (Story),Shounen Jump (Weekly),8.73,36,8,149712
Real,Manga,Ongoing,Publishing,1999 to ?,Drama / Sports / Psychological / Seinen,Inoue Takehiko (Story & Art),Young Jump,8.73,37,288,7176
Natsume's Book of Friends,Manga,Ongoing,Publishing,Jun 10 2003 to ?,Drama / Shoujo / Supernatural,Midorikawa Yuki (Story & Art),LaLa DX,8.73,38,297,8350
Overlord,Novel,Ongoing,Publishing,Jul 30 2012 to ?,Action / Fantasy / Game / Magic / Supernatural,Maruyama Kugane (Story)  so-bin (Art),None,8.73,39,229,12174
I sold my life for ten thousand yen per year.,Manga,18,Finished,Aug 10 2016 to Oct 25 2017,Drama / Shounen,Taguchi Shouichi (Art)  Miaki Sugaru (Story),Shounen Jump+,8.72,40,186,20693
Akira,Manga,120,Finished,Dec 6 1982 to Jun 11 1990,Action / Sci-Fi / Seinen,Otomo Katsuhiro (Story & Art),Young Magazine (Weekly),8.72,41,92,24654
Nana,Manga,84,On Hiatus,May 26 2000 to May 26 2009,Drama / Music / Romance / Shoujo / Slice of Life,Yazawa Ai (Story & Art),Cookie,8.7,42,106,25381
Hunter x Hunter,Manga,Ongoing,Publishing,Mar 3 1998 to ?,Action / Adventure / Fantasy / Shounen / Super,Togashi Yoshihiro (Story & Art),Shounen Jump (Weekly),8.69,43,17,70700
Our Happy Hours,Manga,8,Finished,Mar 28 2008 to Aug 22 2008,Drama / Music / Romance / Slice of Life / Psychological / Seinen,Yumeka Sumomo (Art),Comic Bunch,8.69,44,67,40548
Classroom of the Elite,Novel,Ongoing,Publishing,May 25 2015 to ?,Drama / School / Psychological,Tomose Shunsaku (Art)  Kinugasa Shougo (Story),None,8.69,45,459,4459
ReLIFE,Manga,237,Finished,Oct 12 2013 to Mar 16 2018,Comedy / Drama / Romance / School / Slice of Life,Yayoi Sou (Story & Art),comico,8.68,46,44,49908
A Certain Magical Index: New Testament,Novel,178,Finished,Mar 10 2011 to Jul 10 2019,Action / Comedy / Fantasy / Magic / Sci-Fi / Super / Supernatural,Kamachi Kazuma (Story)  Haimura Kiyotaka (Art),None,8.68,47,1144,2767
Hajime no Ippo,Manga,Ongoing,Publishing,Sep 27 1989 to ?,Action / Comedy / Drama / Shounen / Sports,Morikawa George (Story & Art),Shounen Magazine (Weekly),8.68,48,158,22862
BECK: Mongolian Chop Squad,Manga,103,Finished,Feb 17 2000 to Jun 5 2008,Comedy / Drama / Music / Romance / Shounen / Slice of Life,Sakuishi Harold (Story & Art),Shounen Magazine (Monthly),8.68,49,207,17352
Lone Wolf & Cub,Manga,142,Finished,Sep 1970 to Apr 1976,Action / Historical / Samurai / Seinen,Koike Kazuo (Story)  Kojima Goseki (Art),Manga Action,8.67,50,358,4551
Konosuba: God's Blessing on This Wonderful World!,Novel,Ongoing,Publishing,Oct 1 2013 to ?,Adventure / Comedy / Fantasy / Supernatural,Mishima Kurone (Art)  Akatsuki Natsume (Story),None,8.67,51,330,7609
Bloom Into You,Manga,50,Finished,Apr 27 2015 to Sep 27 2019,Drama / School / Shoujo,Nakatani Nio (Story & Art),Dengeki Daioh,8.67,52,216,15402
Who Made Me a Princess,Manhwa,Ongoing,Publishing,Dec 20 2017 to ?,Comedy / Fantasy / Romance,Plutus (Story)  Spoon (Art),None,8.67,53,1355,3370
Spy x Family,Manga,Ongoing,Publishing,Mar 25 2019 to ?,Action / Comedy / Shounen,Endou Tatsuya (Story & Art),Shounen Jump+,8.66,54,152,18545
Toilet-Bound Hanako-kun,Manga,Ongoing,Publishing,Dec 18 2014 to ?,School / Supernatural,Aida Iro (Story & Art),GFantasy,8.66,55,348,9074
Your Lie in April,Manga,44,Finished,Apr 6 2011 to Feb 6 2015,Drama / Music / Romance / School / Shounen,Arakawa Naoshi (Story & Art),Shounen Magazine (Monthly),8.66,56,143,22804
Umineko When They Cry Episode 8: Twilight of the Golden Witch,Manga,42,Finished,Jan 21 2012 to Jun 22 2015,Mystery / Drama / Fantasy / Magic / Shounen / Supernatural,Natsumi Kei (Art)  Ryukishi07 (Story),Gangan Joker,8.65,57,1643,2285
Hyouka,Novel,Ongoing,Publishing,Oct 31 2001 to ?,Adventure / Mystery / School,Yonezawa Honobu (Story),None,8.65,58,1153,1627
Bastard,Manhwa,94,Finished,Jul 4 2014 to May 6 2016,Mystery / Drama / Horror / Romance / Psychological,Kim Carnby (Story)  Hwang Young-chan (Art),Naver Webtoon,8.65,59,169,23128
WorldEnd: What do you do at the end of the world? Are you busy? Will you save us?,Novel,25,Finished,Nov 1 2014 to Apr 1 2016,Drama / Fantasy / Romance / Sci-Fi,Kareno Akira (Story)  ue (Art),None,8.65,60,657,3139
Beastars,Manga,Ongoing,Publishing,Sep 8 2016 to ?,Drama / Shounen / Slice of Life / Psychological,Itagaki Paru (Story & Art),Shounen Champion,8.65,61,178,16838
Aria,Manga,67,Finished,Feb 28 2002 to Feb 29 2008,Adventure / Comedy / Drama / Sci-Fi / Shounen / Slice of Life,Amano Kozue (Story & Art),Comic Blade,8.64,62,402,7179
Decapitation: Kubikiri Cycle,Novel,71,Finished,Feb 5 2002 to Nov 7 2005,Action / Mystery / Drama / Supernatural,NISIO ISIN (Story)  Take (Art),None,8.64,63,818,2263
Song of the Long March,Manhua,Ongoing,Publishing,Feb 2011 to ?,Action / Adventure / Drama / Historical,Xia Da (Story & Art),Comic Fans,8.64,64,531,3536
Girls' Last Tour,Manga,47,Finished,Feb 21 2014 to Jan 12 2018,Adventure / Slice of Life,Tsukumizu (Story & Art),Kurage Bunch,8.64,65,440,8248
Kino no Tabi: The Beautiful World,Novel,Ongoing,Publishing,Mar 10 2000 to ?,Adventure / Mystery / Drama / Fantasy / Sci-Fi / Psychological,Sigsawa Keiichi (Story)  Kuroboshi Kouhaku (Art),None,8.63,66,958,1763
Skip Beat!,Manga,Ongoing,Publishing,Feb 15 2002 to ?,Comedy / Drama / Romance / Shoujo,Nakamura Yoshiki (Story & Art),Hana to Yume,8.63,67,81,33948
Rurouni Kenshin: Meiji Swordsman Romantic Story,Manga,259,Finished,Apr 12 1994 to Sep 21 1999,Action / Drama / Historical / Samurai / Shounen,Watsuki Nobuhiro (Story & Art),Shounen Jump (Weekly),8.62,68,91,36782
Pluto: Urusawa x Tezuka,Manga,65,Finished,Sep 9 2003 to Apr 1 2009,Action / Mystery / Mecha / Sci-Fi / Psychological / Seinen,Urasawa Naoki (Story & Art)  Tezuka Osamu (Story),Big Comic Original,8.62,69,140,22071
JoJo's Bizarre Adventure Part 4: Diamond Is Unbreakable,Manga,174,Finished,Apr 21 1992 to Nov 21 1995,Action / Shounen / Supernatural,Araki Hirohiko (Story & Art),Shounen Jump (Weekly),8.62,70,126,35341
Pandora Hearts,Manga,107,Finished,May 18 2006 to Mar 18 2015,Adventure / Mystery / Fantasy / Shounen / Supernatural,Mochizuki Jun (Story & Art),GFantasy,8.62,71,35,45264
Stop This Sound!,Manga,Ongoing,Publishing,Aug 4 2012 to ?,Drama / School / Shounen,Sakura Amyuu (Story & Art),Jump SQ.,8.62,72,567,4849
Blank Canvas: My So-Called Artist's Journey,Manga,34,Finished,Nov 28 2011 to Jan 28 2015,Slice of Life / Josei,Higashimura Akiko (Story & Art),Cocohana,8.61,73,641,4603
One Hundred Mob Psycho,Manga,109,Finished,Apr 18 2012 to Dec 22 2017,Action / Comedy / Supernatural,ONE (Story & Art),MangaONE,8.61,74,124,22949
Re:ZERO -Starting Life in Another World-,Novel,Ongoing,Publishing,Jan 23 2014 to ?,Action / Drama / Fantasy,Nagatsuki Tappei (Story)  Ootsuka Shinichirou (Art),None,8.61,75,249,8671
Dorohedoro,Manga,190,Finished,Nov 30 2000 to Sep 12 2018,Action / Comedy / Fantasy / Horror / Seinen,Hayashida Q (Story & Art),Ikki,8.61,76,100,19603
Fate/Zero,Novel,18,Finished,Dec 29 2006 to Dec 29 2007,Action / Fantasy / Supernatural,Takeuchi Takashi (Art)  Urobuchi Gen (Story),None,8.61,77,506,5732
One Outs,Manga,175,Finished,Nov 14 1998 to Aug 15 2006,Sports / Psychological / Seinen,Kaitani Shinobu (Story & Art),Business Jump,8.6,78,514,7360
Attack on Titan,Manga,Ongoing,Publishing,Sep 9 2009 to ?,Action / Mystery / Drama / Fantasy / Horror / Shounen / Super / Supernatural,Isayama Hajime (Story & Art),Bessatsu Shounen Magazine,8.6,79,1,158437
No Game No Life,Novel,Ongoing,Publishing,Apr 25 2012 to ?,Comedy / Ecchi / Fantasy / Game / Supernatural,Kamiya Yuu (Story & Art),None,8.6,80,195,10579
Violet Evergarden,Novel,13,Finished,Dec 25 2015 to Dec 26 2016,Drama / Fantasy,Akatsuki Kana (Story)  Takase Akiko (Art),None,8.6,81,801,2477
Kids on the Slope,Manga,45,Finished,Sep 28 2007 to Jan 28 2012,Drama / Music / Romance / School / Slice of Life / Josei,Kodama Yuki (Story & Art),Flowers (Monthly),8.59,82,482,7709
Molester Man,Manga,21,Finished,2004,Comedy / Drama / Romance / Slice of Life,Yokota Takuma (Story & Art),None,8.59,83,248,18074
Baccano!,Novel,Ongoing,Publishing,Feb 10 2003 to ?,Action / Mystery / Fantasy,Narita Ryohgo (Story)  Enami Katsumi (Art),None,8.59,84,811,1862
Suzumiya Haruhi Series,Novel,Ongoing,On Hiatus,Jun 6 2003 to ?,Comedy / Drama / School / Sci-Fi / Supernatural,Tanigawa Nagaru (Story)  Itou Noizi (Art),The Sneaker,8.59,85,329,9159
Mobile Suit Gundam: The Origin,Manga,112,Finished,Jun 25 2001 to Jun 26 2014,Action / Drama / Mecha / Sci-Fi / Shounen / Space / Military,Yasuhiko Yoshikazu (Story & Art)  Tomino Yoshiyuki (Story),Gundam Ace,8.57,86,1387,2031
Shimanami Tasogare,Manga,23,Finished,Mar 6 2015 to May 23 2018,Drama / Slice of Life / Psychological / Seinen,Kamatani Yuhki (Story & Art),HiBaNa,8.57,87,389,8496
Banana Fish,Manga,110,Finished,Apr 13 1985 to Mar 12 1994,Action / Adventure / Drama / Shoujo,Yoshida Akimi (Story & Art),Betsucomi,8.56,88,538,4855
A Bride's Story,Manga,Ongoing,Publishing,Oct 14 2008 to ?,Drama / Historical / Romance / Seinen,Mori Kaoru (Story & Art),Harta,8.56,89,189,11010
Monthly Girls' Nozaki-kun,Manga,Ongoing,Publishing,Aug 25 2011 to ?,Comedy / Romance / School,Tsubaki Izumi (Story & Art),Gangan Online,8.56,90,137,16559
Spirit Circle,Manga,45,Finished,May 30 2012 to Mar 30 2016,Action / Adventure / Comedy / Drama / Romance / Supernatural / Seinen,Mizukami Satoshi (Story & Art),Young King OURs,8.56,91,364,11254
Mushoku Tensei: Jobless Reincarnation,Novel,Ongoing,Publishing,Jan 23 2014 to ?,Fantasy,Rifujin na Magonote (Story)  Sirotaka (Art),None,8.56,92,379,8133
Ouran High School Host Club,Manga,87,Finished,Jul 24 2002 to Sep 24 2010,Comedy / Drama / Romance / School / Shoujo / Harem / Gender Bender,Hatori Bisco (Story & Art),LaLa,8.55,93,53,47720
Wake Up Sleeping Beauty,Manga,26,Finished,Nov 22 2014 to May 24 2017,Romance / Shoujo,Morino Megumi (Story & Art),Dessert,8.55,94,1051,3421
Tokyo Ghoul,Manga,144,Finished,Sep 8 2011 to Sep 18 2014,Action / Mystery / Drama / Horror / Supernatural / Psychological / Seinen,Ishida Sui (Story & Art),Young Jump,8.55,95,5,153706
Neon Genesis Evangelion,Manga,97,Finished,Dec 26 1994 to Jun 4 2013,Action / Mystery / Drama / Mecha / Sci-Fi / Shounen / Psychological,Sadamoto Yoshiyuki (Story & Art),Shounen Ace,8.54,96,108,29627
Legend of the Galactic Heroes,Novel,94,Finished,Nov 1982 to Nov 1987,Action / Adventure / Drama / Sci-Fi / Space / Military,Tanaka Yoshiki (Story)  Kato Naoyuki (Art)  Kamoshita Yukihisa (Art),None,8.54,97,2358,1209
The Breaker,Manhwa,72,Finished,Jun 1 2007 to Jul 20 2010,Action / Comedy / Drama / Martial Arts / School,Park Jin-Hwan (Art)  Jeon Geuk-jin (Story),Young Champ,8.54,98,41,53636
Gintama,Manga,709,Finished,Dec 8 2003 to Jun 20 2019,Action / Comedy / Historical / Parody / Samurai / Sci-Fi / Shounen,Sorachi Hideaki (Story & Art),Shounen Jump (Weekly),8.53,99,103,28922
Phoenix,Manga,19,Finished,Jan 1967 to Feb 1988,Drama / Fantasy / Historical / Romance / Sci-Fi / Shounen / Space / Supernatural / Psychological,Tezuka Osamu (Story & Art),Manga Shounen,8.53,100,900,2374
Kamisama Kiss,Manga,154,Finished,Feb 20 2008 to May 20 2016,Comedy / Demons / Fantasy / Romance / Shoujo / Supernatural,Suzuki Julietta (Story & Art),Hana to Yume,8.53,102,114,25197
Ace of Diamond,Manga,Ongoing,Publishing,Aug 19 2015 to ?,School / Shounen / Sports,Terajima Yuuji (Story & Art),Shounen Magazine (Weekly),8.53,103,1318,3382
Eighty Six,Novel,Ongoing,Publishing,Feb 10 2017 to ?,Drama / Sci-Fi,Shirabi (Art)  Asato Asato (Story),None,8.52,104,1710,1224
Number Six,Novel,43,Finished,Oct 10 2003 to Jun 14 2011,Action / Mystery / Sci-Fi,Asano Atsuko (Story),None,8.52,107,656,4260
Eyeshield 21,Manga,333,Finished,Jul 23 2002 to Jun 15 2009,Action / Comedy / Shounen / Sports,Inagaki Riichiro (Story)  Murata Yusuke (Art),Shounen Jump (Weekly),8.52,105,157,26729
The Twelve Kingdoms,Novel,Ongoing,Publishing,Jun 20 1992 to ?,Fantasy,Ono Fuyumi (Story)  Yamada Akihiro (Art),None,8.52,106,1965,986
Cross Game,Manga,170,Finished,Sep 2 2005 to Feb 17 2010,Comedy / Drama / Romance / School / Shounen / Sports,Adachi Mitsuru (Story & Art),Shounen Sunday,8.51,109,756,6335
The World God Only Knows,Manga,271,Finished,Apr 9 2008 to Apr 23 2014,Comedy / Fantasy / Romance / School / Shounen / Harem / Supernatural,Wakaki Tamiki (Story & Art),Shounen Sunday,8.51,110,60,47490
A Silent Voice Extra,One-shot,1,Finished,Aug 7 2013 to Nov 19 2014 ,Drama / School / Shounen,Ooima Yoshitoki (Story & Art),Bessatsu Shounen Magazine,8.51,108,160,28179
Hinamatsuri,Manga,Ongoing,Finished,Jun 15 2010 to Jul 15 2020,Comedy / Sci-Fi / Slice of Life / Seinen,Ohtake Masao (Story & Art),Harta,8.49,114,302,8641
When the Seagulls Cry,Novel,Ongoing,Finished,Jul 1 2009 to Aug 3 2010,Mystery / Fantasy / Horror / Supernatural / Psychological / Thriller,Ryukishi07 (Story)  Tomohi (Art),None,8.5,111,3166,1061
Yona of the Dawn,Novel,Ongoing,Publishing,Mar 20 2015 to ?,Adventure / Historical / Romance / Shoujo,Kusanagi Mizuho (Art)  Fujitani Touko (Story),None,8.49,113,1347,1989
Noragami: Stray God,Manga,Ongoing,Publishing,Dec 23 2010 to ?,Action / Fantasy / Romance / Shounen / Supernatural,Adachitoka (Story & Art),Shounen Magazine (Monthly),8.49,113,29,40806
Horimiya,Manga,Ongoing,Publishing,Oct 18 2011 to ?,Comedy / Romance / School / Shounen / Slice of Life,Hagiwara Daisuke (Art)  HERO (Story),GFantasy,8.49,115,14,66060
Your name.,Manga,9,Finished,May 27 2016 to Jan 27 2017,Drama / Romance / School / Supernatural / Seinen,Shinkai Makoto (Story)  Kotone Ranmaru (Art),Comic Alive,8.49,116,241,12215
Fruits Basket,Manga,136,Finished,Jul 18 1998 to Nov 20 2006,Comedy / Drama / Romance / School / Shoujo / Supernatural,Takaya Natsuki (Story & Art),Hana to Yume,8.49,117,38,56740
Holy Land,Manga,182,Finished,Oct 13 2000 to May 23 2008,Action / Martial Arts / Psychological / Seinen,Mori Kouji (Story & Art),Young Animal,8.49,118,186,18050
It's My Turn!!,Manga,366,Finished,1988 to Oct 1997,Comedy / School / Shounen,Nishimori Hiroyuki (Story & Art),Shounen Sunday,8.49,119,825,4063
Black Butler,Manga,Ongoing,Publishing,Sep 16 2006 to ?,Action / Demons / Mystery / Fantasy / Historical / Shounen / Supernatural,Toboso Yana (Story & Art),GFantasy,8.48,120,30,49675
The Climber,Manga,170,Finished,2007 to 2012,Drama / Sports / Psychological / Seinen,Sakamoto Shinichi (Story & Art),Young Jump,8.48,121,298,9608
Masturbation Master Kurosawa,Manga,31,Finished,Sep 2007 to Mar 2008,Drama / School / Psychological,Yokota Takuma (Art)  Ise Katsura (Story),None,8.48,122,59,50304
Bakemonogatari,Manga,Ongoing,Publishing,Mar 14 2018 to ?,Action / Comedy / Mystery / Drama / Romance / Shounen / Vampire / Supernatural,Oh! Great (Art)  NISIO ISIN (Story),Shounen Magazine (Weekly),8.48,124,969,3194
Here U Are,Manhua,Ongoing,Publishing,Nov 22 2017 to ?,Drama / School / Shounen / Slice of Life,D Jun (Story & Art),None,8.48,124,3393,1486
Golden Kamuy,Manga,Ongoing,Publishing,Aug 21 2014 to ?,Action / Adventure / Historical / Seinen,Noda Satoru (Story & Art),Young Jump,8.48,123,231,9003
I Want to Eat Your Pancreas,Manga,10,Finished,Aug 25 2016 to May 25 2017,Drama,Kirihara Idumi (Art)  Sumino Yoru (Story),Monthly Action,8.48,126,564,8288
The Breaker: New Waves,Manhwa,203,Finished,Oct 8 2010 to May 8 2015,Action / Comedy / Drama / Martial Arts / Romance / School,Park Jin-Hwan (Art)  Jeon Geuk-jin (Story),Daum Webtoon,8.47,127,86,40169
Fullmetal Alchemist Novel,Novel,35,Finished,Feb 2003 to Apr 22 2010,Action / Adventure / Comedy / Mystery / Drama / Historical / Shounen / Supernatural / Psychological,Arakawa Hiromu (Art)  Inoue Makoto (Story),None,8.47,128,988,3941
21st Century Boys,Manga,16,Finished,Dec 25 2006 to Jul 14 2007,Mystery / Drama / Sci-Fi / Psychological / Seinen,Urasawa Naoki (Story & Art),Big Comic Spirits,8.46,129,199,22838
Bakuman,Manga,176,Finished,Aug 11 2008 to Apr 23 2012,Comedy / Drama / Romance / Shounen,Obata Takeshi (Art)  Ohba Tsugumi (Story),Shounen Jump (Weekly),8.46,130,25,64602
Lucifer and the Biscuit Hammer,Manga,65,Finished,Jun 30 2005 to Aug 30 2010,Action / Adventure / Comedy / Drama / Psychological / Seinen,Mizukami Satoshi (Story & Art),Young King OURs GH,8.46,131,202,16888
Nodame Cantabile,Manga,150,Finished,Jul 10 2001 to Aug 25 2010,Comedy / Romance / Slice of Life / Josei,Ninomiya Tomoko (Story & Art),Kiss,8.45,132,448,7886
Blade of the Immortal,Manga,207,Finished,Jun 25 1993 to Dec 25 2012,Action / Adventure / Drama / Historical / Martial Arts / Samurai / Supernatural / Seinen,Samura Hiroaki (Story & Art),Afternoon,8.45,133,177,12304
The Glass Mask,Manga,Ongoing,Publishing,Jan 1976 to ?,Drama / Romance / Shoujo,Miuchi Suzue (Story & Art),Hana to Yume,8.45,134,1507,2015
Spice & Wolf,Manga,108,Finished,Sep 27 2007 to Dec 27 2017,Adventure / Drama / Fantasy / Historical / Romance / Supernatural / Seinen,Koume Keito (Art)  Hasekura Isuna (Story),Dengeki Maoh,8.45,135,346,9281
Barakamon,Manga,135,Finished,Feb 22 2008 to Jan 10 2019,Comedy / Shounen / Slice of Life,Yoshino Satsuki (Story & Art),Gangan Online,8.45,136,374,7022
Umineko WHEN THEY CRY Episode 5: End of the Golden Witch,Manga,27,Finished,Oct 22 2010 to Nov 22 2012,Mystery / Drama / Fantasy / Horror / Magic / Shounen / Supernatural / Psychological / Thriller,Ryukishi07 (Story)  Akitaka (Art),Gangan Joker,8.45,137,1546,3082
Annarasumanara,Manhwa,27,Finished,Jul 2 2010 to Dec 31 2010,Mystery / Drama / Romance / School / Psychological / Seinen,Ha Il-Kwon (Story & Art),Naver Webtoon,8.45,138,172,19974
Steins;Gate,Novel,17,Finished,Jun 30 2011 to May 31 2012,Sci / Sci-Fi / Thriller,Sakai Kyuuta (Art)  Miwa Kiyomune (Story),None,8.45,139,1890,1279
SQ: Begin With Your Name!,Manhua,9,Finished,Oct 5 2015 to Dec 1 2017,Comedy / School / Shoujo / Slice of Life,Tanjiu (Story & Art),None,8.45,140,291,11468
ERASED,Manga,49,Finished,Jun 4 2012 to Nov 4 2016,Mystery / Supernatural / Psychological / Seinen,Sanbe Kei (Story & Art),Young Ace,8.44,141,117,28323
Dragon Ball,Manga,520,Finished,Nov 20 1984 to May 23 1995,Action / Adventure / Comedy / Martial Arts / Sci-Fi / Shounen / Super,Toriyama Akira (Story & Art),Shounen Jump (Weekly),8.44,143,50,60867
Battle Angel Alita,Manga,53,Finished,Nov 1990 to Mar 1995,Action / Sci-Fi / Seinen,Kishiro Yukito (Story & Art),Business Jump,8.44,143,154,17892
The Ancient Magus' Bride,Manga,Ongoing,Publishing,Nov 30 2013 to ?,Fantasy / Magic / Shounen / Slice of Life,Yamazaki Kore (Story & Art),Comic Garden,8.44,142,105,16965
Wolf Children: Ame & Yuki,Manga,16,Finished,Apr 4 2012 to Aug 3 2013,Drama / Fantasy / Romance / Slice of Life / Seinen,Hosoda Mamoru (Story)  Yuu (Art),Young Ace,8.43,153,647,6618
The Saga of Tanya the Evil,Novel,Ongoing,Publishing,Oct 31 2013 to ?,Magic / Military,Shinotsuki Shinobu (Art)  Zen Carlo (Story),None,8.43,150,884,2337
The Promised Neverland,Manga,181,Finished,Aug 1 2016 to Jun 15 2020,Mystery / Horror / Sci-Fi / Shounen,Demizu Posuka (Art)  Shirai Kaiu (Story),Shounen Jump (Weekly),8.43,151,18,65060
To Your Eternity,Manga,Ongoing,Publishing,Nov 9 2016 to ?,Drama / Shounen / Supernatural,Ooima Yoshitoki (Story & Art),Shounen Magazine (Weekly),8.43,148,226,10125
Basara,Manga,112,Finished,Aug 11 1990 to May 13 1998,Adventure / Drama / Fantasy / Romance / Shoujo,Tamura Yumi (Story & Art),Betsucomi,8.43,149,712,4897
Doraemon,Manga,821,Finished,Dec 1969 to 1996,Adventure / Comedy / Kids / School / Sci-Fi / Shounen / Slice of Life,Fujiko Fujio F. (Story & Art),None,8.43,146,1353,4300
My Girl,Manga,44,Finished,Jun 2 2006 to Sep 3 2010,Drama / Slice of Life / Seinen,Yumeka Sumomo (Story & Art),Comic Bunch,8.43,147,525,6908
Rainbow,Manga,235,Finished,Nov 21 2002 to Jan 4 2010,Drama / Historical / Psychological / Seinen,Abe George (Story)  Kakizaki Masasumi (Art),Young Sunday (Weekly),8.43,148,683,4386
A Certain Magical Index,Novel,133,Finished,Apr 10 2004 to Oct 10 2010,Action / Comedy / Fantasy / Magic / Sci-Fi / Super / Supernatural,Kamachi Kazuma (Story)  Haimura Kiyotaka (Art),None,8.43,153,450,6642
Blade of the Phantom Master,Manga,76,Finished,Mar 19 2001 to Aug 18 2007,Action / Adventure / Drama / Fantasy / Historical / Supernatural / Seinen,Yoon In-Wan (Story)  Yang Kyung-il (Art),Sunday Gene-X,8.42,157,366,8683
Maid-sama!,Manga,98,Finished,Dec 24 2005 to Sep 24 2013,Comedy / Romance / School / Shoujo,Fujiwara Hiro (Story & Art),LaLa,8.42,158,33,60095
Durarara!!,Novel,89,Finished,Apr 10 2004 to Jan 10 2014,Action / Drama / Romance / Supernatural,Narita Ryohgo (Story)  Yasuda Suzuhito (Art),None,8.42,156,463,4759
Orange,Manga,31,Finished,Mar 13 2012 to Jan 25 2017,Drama / Romance / School / Sci-Fi / Shoujo,Takano Ichigo (Story & Art),Monthly Action,8.42,157,40,48433
Welcome to the Ballroom,Manga,Ongoing,Publishing,Nov 5 2011 to ?,Comedy / Drama / Romance / School / Shounen / Sports,Takeuchi Tomo (Story & Art),Shounen Magazine (Monthly),8.42,158,384,7739
Drugstore Soliloquy,Manga,Ongoing,Publishing,May 25 2017 to ?,Drama / Historical / Seinen,Hyuuga Natsu (Story)  Nekokurage (Art)  Nanao Itsuki (Story),Big Gangan,8.42,156,870,3626
Parasyte,Manga,64,Finished,Nov 22 1989 to Dec 23 1995,Action / Drama / Horror / Sci-Fi / Psychological / Seinen,Iwaaki Hitoshi (Story & Art),Afternoon,8.41,160,97,34157
Act-age,Manga,Ongoing,Publishing,Jan 22 2018 to ?,Shounen,Matsuki Tatsuya (Story)  Usazaki Shiro (Art),Shounen Jump (Weekly),8.41,161,394,6592
My Hero Academia,Manga,Ongoing,Publishing,Jul 7 2014 to ?,Action / Comedy / School / Shounen / Super,Horikoshi Kouhei (Story & Art),Shounen Jump (Weekly),8.41,162,9,109135
JoJo's Bizarre Adventure Part 8: Jojolion,Manga,Ongoing,Publishing,May 19 2011 to ?,Action / Adventure / Mystery / Supernatural / Seinen,Araki Hirohiko (Story & Art),Ultra Jump,8.41,163,129,19439
Umineko WHEN THEY CRY Episode 7: Requiem of the Golden Witch,Manga,48,Finished,Apr 13 2011 to Mar 12 2015,Mystery / Drama / Shounen / Supernatural / Psychological / Thriller,Mizuno Eita (Art)  Ryukishi07 (Story),Shounen Gangan,8.4,172,1952,2128
Blue Period,Manga,Ongoing,Publishing,Jun 24 2017 to ?,Drama / School / Seinen,Yamaguchi Tsubasa (Story & Art),Afternoon,8.4,164,1177,2241
xxxHOLiC,Manga,213,Finished,Feb 24 2003 to Feb 9 2011,Comedy / Mystery / Drama / Magic / Supernatural / Seinen,CLAMP (Story & Art),Young Magazine (Weekly),8.4,165,116,27364
Love Com,Manga,68,Finished,Aug 13 2001 to Aug 13 2007,Comedy / Drama / Romance / School / Shoujo,Nakahara Aya (Story & Art),Bessatsu Margaret,8.4,167,171,20858
Cardcaptor Sakura,Manga,50,Finished,May 2 1996 to Jul 3 2000,Adventure / Comedy / Fantasy / Magic / Romance / Shoujo,CLAMP (Story & Art),Nakayoshi,8.4,168,162,25312
From Far Away,Manga,57,Finished,Sep 24 1991 to Jan 24 2003,Adventure / Demons / Fantasy / Romance / Shoujo,Hikawa Kyouko (Story & Art),LaLa,8.4,168,934,4838
Forest of the Piano,Manga,242,Finished,Aug 5 1998 to Nov 5 2015,Drama / Music / Seinen,Isshiki Makoto (Story & Art),Morning,8.4,169,1020,3556
Barefoot Gen,Manga,54,Finished,May 22 1973 to Sep 10 1974,Drama / Historical / Shounen,Nakazawa Keiji (Story & Art),Shounen Jump (Weekly),8.4,171,1837,1656
Dengeki Daisy,Manga,80,Finished,May 12 2007 to Dec 24 2013,Comedy / Drama / Romance / Shoujo,Motomi Kyousuke (Story & Art),Betsucomi,8.4,171,48,44102
Ping Pong,Manga,55,Finished,1996 to 1997,Drama / Sports / Psychological / Seinen,Matsumoto Taiyou (Story & Art),Big Comic Spirits,8.39,177,1392,2703
Something About Us,Manhwa,101,Finished,Oct 1 2014 to Oct 19 2016,Romance / School / Slice of Life,Lee Yunji (Story & Art),Lezhin Comics Webtoon,8.39,173,700,5090
Komi Can't Communicate,Manga,Ongoing,Publishing,May 18 2016 to ?,Comedy / School / Shounen,Oda Tomohito (Story & Art),Shounen Sunday,8.39,174,51,32608
The world of Machida-kun,Manga,28,Finished,Jun 13 2013 to Apr 13 2018,School / Shoujo,Andou Yuki (Story & Art),Bessatsu Margaret,8.39,175,1048,4509
That Time I Got Reincarnated as a Slime,Novel,Ongoing,Publishing,May 30 2014 to ?,Fantasy,Mitz Vah (Art)  Fuse (Story),None,8.39,176,725,4739
Bungo Stray Dogs,Manga,Ongoing,Publishing,Dec 4 2012 to ?,Action / Supernatural / Seinen,Asagiri Kafka (Story)  Harukawa35 (Art),Young Ace,8.38,178,250,9991
Canis Series,Manga,Ongoing,Publishing,Jun 28 2012 to ?,Drama / Shounen / Slice of Life,Ishie Hachi (Story & Art),Opera,8.38,179,1992,1606
Dad the Beard Gorilla and I,Manga,Ongoing,Finished,Feb 4 2011 to Nov 5 2018,Comedy / Slice of Life,Koike Sadaji (Story & Art),Manga Club,8.38,187,2610,1627
That Time I Got Reincarnated as a Slime,Manga,Ongoing,Publishing,Mar 26 2015 to ?,Fantasy / Shounen,Kawakami Taiki (Art)  Fuse (Story),Shounen Sirius,8.38,188,128,21803
SKET Dance,Manga,288,Finished,Jul 14 2007 to Jul 8 2013,Comedy / Drama / School / Shounen,Shinohara Kenta (Story & Art),Shounen Jump (Weekly),8.38,182,419,9057
Liar Game,Manga,203,Finished,Feb 17 2005 to Jan 22 2015,Drama / Game / Psychological / Seinen,Kaitani Shinobu (Story & Art),Young Jump,8.38,183,83,27057
Ask the Stars for Help!,Manga,82,Finished,Mar 24 1997 to May 20 2005,Comedy / Drama / Shoujo / Shounen,Abe Miyuki (Story & Art),Ichiraci,8.38,180,1764,2282
Gambling Apocalypse Kaiji,Manga,158,Finished,Feb 10 1996 to Jul 26 1999,Drama / Game / Seinen,Fukumoto Nobuyuki (Story & Art),Young Magazine (Weekly),8.38,185,1265,2682
Flower With Devil,Manga,58,Finished,Oct 20 2007 to Nov 20 2010,Comedy / Demons / Mystery / Drama / Fantasy / Historical / Romance / Shoujo / Supernatural,Oto Hisamu (Story & Art),Hana to Yume,8.38,182,223,17316
Love So Life,Manga,111,Finished,Apr 15 2008 to Jul 18 2015,Comedy / Drama / Romance / Shoujo / Slice of Life,Kouchi Kaede (Story & Art),Hana to Yume,8.38,183,166,20369
Demon Slayer: Kimetsu no Yaiba,Manga,207,Finished,Feb 15 2016 to May 18 2020,Action / Demons / Historical / Shounen / Supernatural,Gotouge Koyoharu (Story & Art),Shounen Jump (Weekly),8.38,184,27,63274
The Case Study of Vanitas,Manga,Ongoing,Publishing,Dec 22 2015 to ?,Fantasy / Historical / Shounen / Vampire / Supernatural,Mochizuki Jun (Story & Art),Gangan Joker,8.37,197,475,4059
Atelier of Witch Hat,Manga,Ongoing,Publishing,Jul 22 2016 to ?,Fantasy / Magic / Seinen,Shirahama Kamome (Story & Art),Morning Two,8.37,190,600,3780
I Hear the Sunspot,Manga,Ongoing,Publishing,Dec 21 2013 to ?,School / Shounen / Slice of Life,Fumino Yuki (Story & Art),Canna,8.37,189,662,5357
No.6,Manga,35,Finished,Jan 28 2011 to Nov 28 2013,Action / Mystery / Drama / Sci-Fi / Shoujo,Asano Atsuko (Story)  Kino Hinoki (Art),ARIA,8.37,193,269,12329
The Legend and the Hero II,Manhua,64,Finished,2011 to 2012,Action / Fantasy / Historical / Martial Arts / Supernatural,Tang Chi Fai (Art)  Zheng Jian He (Story)  Cheng Kin Wo (Art),None,8.37,194,1095,5478
The Legend and the Hero III Chronicles of the God's Order III,Manhua,80,Finished,2012 to 2014,Action / Fantasy / Historical / Martial Arts / Supernatural / Seinen,Tang Chi Fai (Art)  Zheng Jian He (Story)  Cheng Kin Wo (Art),None,8.37,195,1421,3956
Kids on the Slope: Bonus Track,Manga,5,Finished,Mar 28 2012 to Jul 28 2012,Drama / Historical / Music / Romance / Slice of Life / Josei,Kodama Yuki (Story & Art),Flowers (Monthly),8.37,195,2647,2338
Azumanga Daioh,Manga,69,Finished,Jan 18 1999 to Mar 21 2002,Comedy / School / Slice of Life,Azuma Kiyohiko (Story & Art),Dengeki Daioh,8.37,190,233,19056
Full Metal Panic! Sigma,Manga,90,Finished,Apr 9 2005 to Sep 9 2013,Action / Mecha / Romance / Shounen / Military,Gatoh Shoji (Story)  Ueda Hiroshi (Art),Dragon Age,8.37,191,1191,4305
Death Note Another Note: The Los Angeles BB Murder Cases,Novel,7,Finished,Aug 1 2006 to Aug 14 2006,Mystery,Obata Takeshi (Art)  NISIO ISIN (Story),None,8.37,192,372,12353
Red River,Manga,96,Finished,Jan 5 1995 to Jun 5 2002,Action / Adventure / Drama / Fantasy / Historical / Romance / Shoujo / Supernatural,Shinohara Chie (Story & Art),Sho-Comi,8.36,199,555,7670
Planetes,Manga,27,Finished,Jan 14 1999 to Jan 8 2004,Drama / Sci-Fi / Space / Slice of Life / Psychological / Seinen,Yukimura Makoto (Story & Art),Morning,8.36,200,335,9801
Tokyo Crazy Paradise,Manga,111,Finished,Dec 25 1996 to Apr 25 2002,Action / Comedy / Drama / Romance / Shoujo / Gender Bender,Nakamura Yoshiki (Story & Art),Hana to Yume,8.36,201,696,6400
Gambling Heathen Kaiji,Manga,134,Finished,Nov 2000 to Apr 2004,Drama / Game,Fukumoto Nobuyuki (Story & Art),Young Magazine (Weekly),8.36,202,1883,2624
Billy Bat,Manga,165,Finished,Oct 16 2008 to Aug 18 2016,Mystery / Drama / Historical / Supernatural / Police / Psychological / Seinen,Urasawa Naoki (Story & Art)  Nagasaki Takashi (Story),Morning,8.36,203,380,7455
Cheese in the Trap Season 4,Manhwa,29,Finished,Sep 2 2015 to Mar 29 2017,Comedy / Mystery / Romance / School / Slice of Life,Soonkki (Story & Art),Naver Webtoon,8.36,204,3438,1423
Alice in Borderland,Manga,87,Finished,Nov 25 2010 to Mar 2 2016,Action / Horror / Shounen / Supernatural / Psychological,Aso Haro (Story & Art),Shounen Sunday Super,8.36,205,439,8104
Noblesse,Manhwa,Ongoing,Finished,Dec 30 2007 to Jan 7 2019,Action / Adventure / Comedy / School / Supernatural,Son Jae-Ho (Story)  Lee Gwang-Su (Art),Naver Webtoon,8.35,206,82,28947
Hellsing,Manga,92,Finished,1997 to Sep 30 2008,Action / Historical / Horror / Vampire / Supernatural / Seinen,Hirano Kouta (Story & Art),Young King OURs,8.35,207,111,32710
Gakuen Alice,Manga,183,Finished,Sep 5 2002 to Jun 20 2013,Comedy / Drama / School / Shoujo / Super,Higuchi Tachibana (Story & Art),Hana to Yume,8.35,208,265,17010
Mars,Manga,59,Finished,Jan 13 1996 to Nov 13 2000,Drama / Romance / Shoujo / Slice of Life / Psychological,Souryo Fuyumi (Story & Art),Bessatsu Friend,8.35,209,391,12021
Legend of Angel,Manga,89,Finished,May 7 1992 to Feb 5 2000,Action / Comedy / Martial Arts / Romance / School / Shounen,Yagi Norihiro (Story & Art),Shounen Jump (Monthly),8.35,210,219,18017
Zatch Bell!,Manga,323,Finished,Jan 10 2001 to Dec 26 2007,Action / Adventure / Comedy / Magic / Shounen / Supernatural,Raiku Makoto (Story & Art),Shounen Sunday,8.35,211,473,9607
Honey and Clover,Manga,71,Finished,Apr 24 2000 to Jul 28 2006,Comedy / Drama / Romance / Slice of Life / Josei,Umino Chika (Story & Art),Young You,8.35,212,612,4968
Touch,Manga,257,Finished,Aug 5 1981 to Nov 12 1986,Comedy / Drama / Romance / School / Shounen / Sports,Adachi Mitsuru (Story & Art),Shounen Sunday,8.35,213,1369,3600
Saiyuki Gaiden,Manga,35,Finished,May 18 1999 to May 16 2009,Action / Adventure / Fantasy,Minekura Kazuya (Story & Art),GFantasy,8.35,214,1380,2522
Toradora!,Novel,62,Finished,Mar 10 2006 to Mar 10 2009,Comedy / Romance / School / Slice of Life,Takemiya Yuyuko (Story)  Yasu (Art),None,8.35,215,519,5461
The Adventure of Doraemon,Manga,126,Finished,Jan 1980 to Mar 2004,Adventure / Comedy / Fantasy / Kids / Sci-Fi / Shounen / Slice of Life,Fujiko Fujio F. (Story & Art),CoroCoro Comic,8.35,216,4929,1253
Seishun Buta Yarou Series,Novel,Ongoing,Publishing,Apr 10 2014 to ?,Comedy / Romance / School,Kamoshida Hajime (Story)  Mizoguchi Keiji (Art),None,8.35,217,1230,1311
Delicious in Dungeon,Manga,Ongoing,Publishing,Feb 15 2014 to ?,Comedy / Fantasy / Seinen,Kui Ryoko (Story & Art),Harta,8.34,218,351,7060
Honzuki no Gekokujou,Novel,Ongoing,Publishing,Jan 25 2015 to ?,Fantasy,Shiina You (Art)  Kazuki Miya (Story),None,8.34,219,3013,1149
Pet Shop of Horrors,Manga,41,Finished,1995 to 1998,Comedy / Mystery / Fantasy / Horror / Supernatural / Josei,Akino Matsuri (Story & Art),Horror M,8.34,220,470,7756
Claymore,Manga,159,Finished,May 6 2001 to Oct 4 2014,Action / Adventure / Fantasy / Horror / Shounen,Yagi Norihiro (Story & Art),Jump SQ.,8.34,221,34,56807
Wandering Son,Manga,123,Finished,Nov 12 2002 to Jul 12 2013,Drama / Romance / School / Slice of Life / Seinen / Gender Bender,Shimura Takako (Story & Art),Comic Beam,8.34,222,460,6838
Rose of Versailles,Manga,82,Finished,1972 to 1973,Drama / Historical / Romance / Shoujo / Military,Ikeda Riyoko (Story & Art),Margaret,8.34,223,1237,2829
Buddha,Manga,66,Finished,Sep 1972 to Nov 1983,Drama / Historical / Supernatural,Tezuka Osamu (Story & Art),Kibou no Tomo,8.34,224,1209,2622
Higurashi WHEN THEY CRY: Eye Opening Arc,Manga,21,Finished,Jan 27 2007 to Jun 21 2008,Mystery / Drama / Horror / Psychological,Houjou Yutori (Art)  Ryukishi07 (Story),None,8.34,225,1123,3765
Black Jack,Manga,243,Finished,Nov 19 1973 to Oct 14 1983,Drama / Shounen,Tezuka Osamu (Story & Art),Shounen Champion,8.34,226,740,4178
Nichijou,Manga,210,Finished,Jun 26 2006 to Oct 26 2015,Comedy / School / Shounen,Arawi Keiichi (Story & Art),Shounen Ace,8.34,227,493,6111
The Legend of a Strongest Man,Manga,90,Finished,Jan 2003 to Sep 2006,Action / Comedy / Drama / Psychological / Seinen,Fukumoto Nobuyuki (Story & Art),Big Comic Original,8.34,228,829,4532
School Babysitters,Manga,Ongoing,Publishing,Sep 24 2009 to ?,Comedy / School / Shoujo / Slice of Life,Tokeino Hari (Story & Art),LaLa,8.34,229,628,5254
Umineko WHEN THEY CRY Episode 6: Dawn of the Golden Witch,Manga,26,Finished,Nov 18 2010 to Nov 17 2012,Mystery / Drama / Horror / Magic / Shounen / Supernatural,Ryukishi07 (Story)  Momoyama Hinase (Art),GFantasy,8.34,230,1880,2530
See Hear Love,Manhwa,83,Finished,Oct 18 2010 to Aug 22 2011,Comedy / Drama / Romance / Slice of Life / Seinen,Go Yeong-Hun (Story & Art),Daum Webtoon,8.34,231,689,4791
Sword Art Online: Progressive,Novel,Ongoing,Publishing,Oct 10 2012 to ?,Action / Adventure / Fantasy / Game / Romance / Sci-Fi,BUNBUN (Art)  Kawahara Reki (Story),Dengeki Bunko Magazine,8.34,232,728,4323
Silver Spoon,Manga,131,Finished,Apr 6 2011 to Nov 27 2019,Comedy / Drama / School / Shounen,Arakawa Hiromu (Story & Art),Shounen Sunday,8.33,233,357,9667
House of the Sun,Manga,53,Finished,Apr 24 2010 to May 23 2015,Romance / Shoujo / Slice of Life,Taamo (Story & Art),Dessert,8.33,234,99,28753
The Irregular at Magic High School,Novel,Ongoing,Publishing,Jul 8 2011 to ?,Action / Magic / Romance / School / Sci-Fi / Supernatural,Satou Tsutomu (Story)  Ishida Kana (Art),None,8.33,235,433,6488
Tsubasa: RESERVoir CHRoNiCLE,Manga,233,Finished,May 21 2003 to Oct 7 2009,Action / Adventure / Drama / Fantasy / Shounen,CLAMP (Story & Art),Shounen Magazine (Weekly),8.33,236,104,32871
Hana-Kimi: For You in Full Blossom,Manga,148,Finished,Aug 20 1996 to Aug 20 2004,Comedy / Drama / Romance / School / Shoujo / Harem / Gender Bender,Nakajo Hisaya (Story & Art),Hana to Yume,8.33,237,296,15513
Higurashi WHEN THEY CRY: Atonement Arc,Manga,16,Finished,Jun 22 2006 to Apr 22 2008,Mystery / Drama / Horror / Psychological,Suzuragi Karin (Art)  Ryukishi07 (Story),Gangan Powered,8.33,238,1388,3025
Magi: The Labyrinth of Magic,Manga,369,Finished,Jun 3 2009 to Oct 11 2017,Adventure / Fantasy / Magic / Shounen,Ohtaka Shinobu (Story & Art),Shounen Sunday,8.33,239,45,46202
So I'm a Spider So What?,Novel,Ongoing,Publishing,Dec 10 2015 to ?,Adventure / Comedy / Fantasy,Kiryuu Tsukasa (Art)  Baba Okina (Story),None,8.33,240,1424,2469
Cheese in the Trap Season 3,Manhwa,37,Finished,Jan 9 2013 to Aug 26 2015,Comedy / Mystery / Romance / School / Slice of Life,Soonkki (Story & Art),Naver Webtoon,8.33,241,2833,1993
Naruto: Itachi's Story,Novel,11,Finished,Sep 4 2015 to Nov 4 2015,Action / Adventure / Martial Arts / Shounen / Super,Kishimoto Masashi (Art)  Yano Takashi (Story)  Towada Shin (Story),None,8.32,242,2390,1531
Bungou Stray Dogs,Novel,Ongoing,Publishing,Apr 1 2014 to ?,Mystery / Supernatural,Asagiri Kafka (Story)  Harukawa35 (Art),None,8.32,243,2900,855
The Saga of Tanya the Evil,Manga,Ongoing,Publishing,Apr 26 2016 to ?,Magic / Military,Toujou Chika (Art)  Zen Carlo (Story),Comp Ace,8.32,244,914,3183
Kodocha: Sana's Stage,Manga,54,Finished,Jul 2 1994 to Oct 3 1998,Comedy / Drama / Romance / School / Shoujo / Slice of Life,Obana Miho (Story & Art),Ribon Magazine,8.32,245,621,8303
Blame!,Manga,66,Finished,Nov 25 1996 to Jul 25 2003,Action / Drama / Horror / Sci-Fi / Psychological / Seinen,Nihei Tsutomu (Story & Art),Afternoon,8.32,246,84,22735
Eden: It's an Endless World!,Manga,127,Finished,Sep 25 1997 to Jun 25 2008,Action / Drama / Sci-Fi / Psychological / Seinen,Endo Hiroki (Story & Art),Afternoon,8.32,247,260,9280
Silver Diamond,Manga,82,Finished,Aug 20 2003 to May 20 2012,Adventure / Fantasy / Shoujo / Shounen,Sugiura Shiho (Story & Art),Ichiraci,8.32,248,1692,2389
Higurashi WHEN THEY CRY: Massacre Arc,Manga,25,Finished,Jun 18 2008 to Jun 18 2010,Mystery / Drama / Horror / Psychological,Ryukishi07 (Story)  Momoyama Hinase (Art),GFantasy,8.32,249,1571,2635
Umineko WHEN THEY CRY Episode 3: Banquet of the Golden Witch,Manga,22,Finished,Sep 19 2009 to Jun 22 2011,Mystery / Drama / Horror / Magic / Shounen / Psychological,Natsumi Kei (Art)  Ryukishi07 (Story),Gangan Joker,8.32,250,1522,3362
Silver Diamond,Manga,82,Finished,Aug 20 2003 to May 20 2012,Adventure / Fantasy / Shoujo / Shounen,Sugiura Shiho (Story & Art),Ichiraci,8.32,248,1692,2389
Higurashi WHEN THEY CRY: Massacre Arc,Manga,25,Finished,Jun 18 2008 to Jun 18 2010,Mystery / Drama / Horror / Psychological,Ryukishi07 (Story)  Momoyama Hinase (Art),GFantasy,8.32,249,1571,2635
Umineko WHEN THEY CRY Episode 3: Banquet of the Golden Witch,Manga,22,Finished,Sep 19 2009 to Jun 22 2011,Mystery / Drama / Horror / Magic / Shounen / Psychological,Natsumi Kei (Art)  Ryukishi07 (Story),Gangan Joker,8.32,250,1522,3362
Saint Seiya: The Lost Canvas,Manga,223,Finished,Sep 21 2006 to Apr 7 2011,Action / Adventure / Shounen,Kurumada Masami (Story)  Teshirogi Shiori (Story & Art),Shounen Champion,8.31,260,981,5860
Seven Seeds,Manga,177,Finished,Oct 13 2001 to May 27 2017,Action / Adventure / Mystery / Drama / Horror / Romance / Sci-Fi / Shoujo / Psychological,Tamura Yumi (Story & Art),Flowers (Monthly),8.31,261,768,3182
Sanctuary,Manga,108,Finished,1990 to 1995,Drama / Police / Seinen / Thriller,Ikegami Ryoichi (Art)  Buronson (Story),Big Comic Superior,8.31,262,457,6015
Cat Street,Manga,36,Finished,Jul 13 2004 to Sep 13 2007,Drama / Romance / Shoujo,Kamio Yoko (Story & Art),Bessatsu Margaret,8.31,263,363,12381
Red-haired Snow White,Manga,Ongoing,Publishing,Aug 10 2006 to ?,Drama / Fantasy / Romance / Shoujo,Akizuki Sorata (Story & Art),LaLa DX,8.31,264,156,16055
The Daytime Shooting Star,Manga,86,Finished,May 20 2011 to Nov 5 2014,Comedy / Romance / School / Shoujo / Slice of Life,Yamamori Mika (Story & Art),Margaret,8.31,255,90,33354
Problem Children Are Coming From Another World,Novel,125,Finished,Apr 1 2011 to Apr 1 2015,Action / Comedy / Fantasy / Supernatural,Tatsunoko Tarou (Story)  Amano Yuu (Art),None,8.31,256,942,2333
Innocent Rouge,Manga,88,Finished,May 20 2015 to Jan 8 2020,Drama / Historical / Seinen,Sakamoto Shinichi (Story & Art),Grand Jump,8.31,258,1872,1360
4 Cut Hero,Manhwa,Ongoing,Publishing,Aug 18 2014 to ?,Action / Adventure / Comedy / Fantasy / Parody / Romance / Harem,Gojira-kun (Story & Art),Lezhin Comics Webtoon,8.31,259,2155,1637
Tsuredure Children,Manga,212,Finished,Jan 10 2012 to Jul 11 2018,Comedy / Romance / School / Shounen,Wakabayashi Toshiya (Story & Art),Shounen Magazine (Weekly),8.31,257,255,12632
Kaiji Part 5,Manga,154,Finished,Jun 3 2013 to Aug 21 2017,Drama / Game / Psychological / Seinen,Fukumoto Nobuyuki (Story & Art),Young Magazine (Weekly),8.3,272,3366,1370
Princess Jellyfish,Manga,93,Finished,Oct 25 2008 to Aug 25 2017,Comedy / Josei / Gender Bender,Higashimura Akiko (Story & Art),Kiss,8.3,270,340,9218
Ran and the Gray World,Manga,51,Finished,Dec 15 2008 to Apr 15 2015,Drama / Fantasy / Romance / Supernatural / Seinen,Irie Aki (Story & Art),Fellows!,8.3,271,534,5258
D.Gray-man,Manga,Ongoing,Publishing,May 31 2004 to ?,Action / Adventure / Demons / Shounen / Super,Hoshino Katsura (Story & Art),Jump SQ.Crown,8.3,265,31,52420
Ghost Hunt,Manga,43,Finished,Dec 6 1997 to Sep 30 2010,Mystery / Drama / Horror / Romance / Shoujo / Supernatural / Psychological,Inada Shiho (Story & Art)  Ono Fuyumi (Story),Nakayoshi,8.3,266,937,4543
Love Stories,Manga,Ongoing,Publishing,May 22 2013 to ?,Drama / School / Shounen / Slice of Life,Tagura Tohru (Story & Art),RuTile,8.3,267,1487,2075
Taishou Maiden Fairytale,Manga,42,Finished,Jul 4 2015 to Sep 4 2017,Comedy / Historical / Romance / Shounen / Slice of Life,Kirioka Sana (Story & Art),Jump SQ.,8.3,268,1197,3995
Cheese in the Trap Season 2,Manhwa,38,Finished,Jun 15 2011 to Oct 17 2012,Comedy / Mystery / Romance / School / Slice of Life,Soonkki (Story & Art),Naver Webtoon,8.3,269,2631,2361
High School DxD,Novel,240,Finished,Sep 20 2008 to Mar 20 2018,Comedy / Demons / Ecchi / Fantasy / Romance / School / Harem / Supernatural,Ishibumi Ichiei (Story)  Miyama-Zero (Art),None,8.29,273,417,8053
Daily lives of high school boys,Manga,138,Finished,May 21 2009 to Sep 27 2012,Comedy / School / Slice of Life,Yamauchi Yasunobu (Story & Art),Gangan Online,8.29,274,679,5190
Chronicles of the God's Order,Manhua,38,Finished,2010 to 2011,Action / Fantasy / Historical / Martial Arts / Supernatural,Tang Chi Fai (Art)  Zheng Jian He (Story)  Cheng Kin Wo (Art),None,8.29,275,512,7679
Regarding Death,Manhwa,27,Finished,Sep 5 2012 to Feb 20 2013,Slice of Life / Supernatural / Psychological,Sini (Story)  Hyeono (Art),Naver Webtoon,8.29,276,1726,2843
The Way of the House Husband,Manga,Ongoing,Publishing,Feb 23 2018 to ?,Comedy / Romance / Slice of Life,Oono Kousuke (Story & Art),Kurage Bunch,8.29,283,211,12863
Winter Woods,Manhwa,55,Finished,Jul 13 2014 to Jan 29 2017,Mystery / Fantasy / Horror / Romance,Cosmos (Story)  Banji (Art),Naver Webtoon,8.29,284,3293,1431
Saiyuki Reload,Manga,66,Finished,Mar 28 2002 to Jun 27 2009,Action / Adventure / Comedy / Drama / Fantasy / Josei,Minekura Kazuya (Story & Art),Comic ZERO-SUM,8.29,277,1747,2764
Let Dai,Manhwa,75,Finished,1995 to 2005,Drama / Romance / School / Shounen / Psychological,Won Soo-yeon (Story & Art),Wink,8.29,278,1705,2194
Boogiepop Series,Novel,Ongoing,Publishing,Feb 10 1998 to ?,Mystery / Horror / Psychological,Kadono Kouhei (Story)  Ogata Kouji (Art),None,8.29,279,1921,801
Kimi ni Todoke: From Me to You,Manga,125,Finished,Aug 11 2005 to Nov 13 2017,Romance / School / Shoujo / Slice of Life,Shiina Karuho (Story & Art),Bessatsu Margaret,8.29,280,69,31729
With the Light: Raising an Autistic Child,Manga,92,Finished,Sep 28 2000 to Apr 3 2009,Drama / Slice of Life / Psychological / Josei,Tobe Keiko (Story & Art),For Mrs.,8.29,281,4003,493
Takemitsu Zamurai,Manga,84,Finished,Aug 7 2006 to Mar 15 2010,Historical / Martial Arts / Slice of Life / Seinen,Matsumoto Taiyou (Art)  Eifuku Issei (Story),Big Comic Spirits,8.29,282,1722,1184
Genshiken,Manga,127,Finished,Apr 25 2002 to Aug 25 2016,Comedy / Drama / School / Slice of Life / Seinen,Kio Shimoku (Story & Art),Afternoon,8.28,290,310,10845
The Ice-Cold Demon's Tale,Manga,75,Finished,Aug 19 1995 to Jun 20 2003,Fantasy / Romance / Shoujo / Shounen / Supernatural,Sugiura Shiho (Story & Art),Ichiraci,8.28,291,3355,1274
The One,Manhua,110,Finished,Jan 1 2005 to Feb 5 2014,Drama / Romance / Shoujo / Psychological,Lee Nicky (Story & Art),Star☆Girls,8.28,292,580,7509
Lost Continent of the Sky,Manga,97,Finished,Mar 26 2007 to Feb 26 2014,Comedy / Drama / Ecchi / Romance / School / Sci-Fi / Shounen,Minazuki Suu (Story & Art),Shounen Ace,8.28,293,246,16605
Last Game,Manga,66,Finished,Aug 24 2011 to Jun 24 2016,Comedy / Romance / Shoujo,Amano Shinobu (Story & Art),LaLa,8.28,285,79,34155
Number Six Beyond,Novel,4,Finished,Nov 22 2012 to Dec 21 2012,Action / Mystery / Drama / Sci-Fi / Josei,Asano Atsuko (Story),None,8.28,286,3514,716
Wotakoi: Love Is Hard for Otaku,Manga,Ongoing,Publishing,Apr 17 2014 to ?,Comedy / Romance,Fujita (Story & Art),Comic POOL,8.28,288,151,13972
Tokyo Revengers,Manga,Ongoing,Publishing,Mar 1 2017 to ?,Action / School / Shounen,Wakui Ken (Story & Art),Shounen Magazine (Weekly),8.28,289,1335,2388
Battle Through the Heavens,Manhua,Ongoing,Publishing,Jun 2012 to ?,Action / Adventure / Comedy / Romance / Supernatural,Tian Can Tu Dou (Story)  Ren Xiang (Art),None,8.28,287,632,6439
Is It Wrong to Try to Pick Up Girls in a Dungeon?,Novel,Ongoing,Publishing,Jan 15 2013 to ?,Action / Adventure / Fantasy,Yasuda Suzuhito (Art)  Omori Fujino (Story),None,8.27,298,516,4942
Mushishi Special: Sun-Eating Shade,Manga,2,Finished,Nov 25 2013 to Dec 25 2013,Mystery / Fantasy / Historical / Supernatural / Seinen,Urushibara Yuki (Story & Art),Afternoon,8.27,299,3855,675
From now on we begin ethics,Manga,Ongoing,Publishing,Oct 26 2016 to ?,School / Seinen,Amase Shiori (Story & Art),Grand Jump Premium,8.27,300,2248,1806
Paradise Kiss,Manga,48,Finished,Mar 23 1999 to Mar 22 2003,Drama / Romance / School / Josei,Yazawa Ai (Story & Art),Zipper,8.27,294,322,13908
Black Lagoon,Manga,Ongoing,Publishing,Apr 19 2002 to ?,Action / Drama / Military / Seinen,Hiroe Rei (Story & Art),Sunday Gene-X,8.27,295,284,10881
Case Closed,Manga,Ongoing,Publishing,Feb 2 1994 to ?,Adventure / Comedy / Mystery / Shounen / Police,Aoyama Gosho (Story & Art),Shounen Sunday,8.27,296,197,21149
Solanin,Manga,28,Finished,Jun 30 2005 to Apr 6 2006,Drama / Slice of Life / Seinen,Asano Inio (Story & Art),Young Sunday (Weekly),8.27,297,123,24748
Immortal Rain,Manga,61,Finished,Aug 26 1998 to May 25 2011,Action / Adventure / Drama / Fantasy / Romance / Shoujo,Ozaki Kaori (Story & Art),Wings,8.26,301,597,5471
JoJo's Bizarre Adventure Part 2: Battle Tendency,Manga,69,Finished,Oct 20 1987 to Mar 14 1989,Action / Adventure / Historical / Shounen / Vampire,Araki Hirohiko (Story & Art),Shounen Jump (Weekly),8.26,302,131,34850
Classmates,Manga,6,Finished,Jul 25 2006 to Jul 27 2007,School / Shounen / Slice of Life,Nakamura Asumiko (Story & Art),Opera,8.26,303,486,9778
Higurashi WHEN THEY CRY: Festival Accompanying Arc,Manga,35,Finished,Jun 22 2008 to Apr 22 2011,Mystery / Drama / Horror / Psychological,Suzuragi Karin (Art)  Ryukishi07 (Story),Gangan Powered,8.26,304,1800,2215
Immortal Rain: Shinigami of the East,Manga,9,Finished,Oct 20 2004 to Jun 28 2007,Action / Drama / Fantasy / Shoujo,Ozaki Kaori (Story & Art),Wings,8.26,305,2568,1818
Shichou Tokoka 007,Manga,43,Finished,Oct 20 2006 to Mar 20 2012,Shoujo / Supernatural / Police,Kaji Eiri (Story & Art),Ichiraci,8.26,306,1442,3069
GTO: 14 Days in Shonan,Manga,77,Finished,Jun 10 2009 to Nov 16 2011,Action / Comedy / Drama / Ecchi / Shounen,Fujisawa Tohru (Story & Art),Shounen Magazine (Weekly),8.26,307,601,7608
Tokyo Ghoul:re,Manga,181,Finished,Oct 16 2014 to Jul 5 2018,Action / Mystery / Drama / Horror / Supernatural / Psychological / Seinen,Ishida Sui (Story & Art),Young Jump,8.26,309,15,79978
Fate/Strange Fake,Novel,Ongoing,Publishing,Jan 10 2015 to ?,Action / Fantasy / Magic / Supernatural,Narita Ryohgo (Story)  Morii Shizuki (Art),None,8.26,310,2478,917
Nukoduke!,Manga,Ongoing,Publishing,Apr 6 2012 to ?,Comedy / Shoujo / Slice of Life,Yugi Iro (Story & Art),Hana LaLa online,8.26,308,1233,2877
AnoHana,Manga,13,Finished,Apr 4 2012 to Apr 4 2013,Drama / Shounen,Izumi Mitsu (Art),Jump SQ.,8.25,318,1110,3490
Laid-Back Camp,Manga,Ongoing,Publishing,May 23 2015 to ?,Comedy / Slice of Life,Afro (Story & Art),Manga Time Kirara Forward,8.25,317,1498,1712
Big Windup,Manga,Ongoing,Publishing,Sep 25 2004 to ?,Comedy / Sports / Seinen,Higuchi Asa (Story & Art),Afternoon,8.25,311,1528,2129
Higurashi WHEN THEY CRY: Cotton Drifting Arc,Manga,12,Finished,Apr 26 2005 to Mar 25 2006,Mystery / Drama / Horror / Psychological,Houjou Yutori (Art)  Ryukishi07 (Story),Gangan Wing,8.25,312,856,6238
A Certain Scientific Railgun,Manga,Ongoing,Publishing,Feb 21 2007 to ?,Action / Comedy / Sci-Fi / Super,Kamachi Kazuma (Story)  Fuyukawa Motoi (Art),Dengeki Daioh,8.25,313,437,7514
Seven Days,Manga,13,Finished,Sep 1 2007 to Jun 1 2009,Romance / School / Shounen / Slice of Life,Takarai Rihito (Art)  Tachibana Venio (Story),Craft,8.25,314,181,23301
Yuru Yuri,Manga,Ongoing,Publishing,Jun 18 2008 to ?,Comedy / School / Shoujo / Slice of Life,Namori (Story & Art),Comic Yuri Hime,8.25,315,1109,2498
Dusk Maiden of Amnesia,Manga,54,Finished,Apr 22 2008 to Sep 21 2013,Mystery / Horror / Romance / School / Shounen / Supernatural,Maybe (Story & Art),Gangan Joker,8.25,316,259,14102
Homunculus,Manga,166,Finished,Mar 17 2003 to Feb 21 2011,Mystery / Drama / Horror / Supernatural / Psychological / Seinen,Yamamoto Hideo (Story & Art),Big Comic Spirits,8.24,320,179,16468
Historie,Manga,Ongoing,Publishing,Jan 25 2003 to ?,Action / Adventure / Drama / Historical / Seinen,Iwaaki Hitoshi (Story & Art),Afternoon,8.24,321,708,4088
My Little Monster,Manga,55,Finished,Aug 23 2008 to Nov 22 2013,Comedy / Romance / School / Shoujo,Robico (Story & Art),Dessert,8.24,322,77,33178
Berserk: God of the Abyss,One-shot,1,Finished,Jul 12 1996 to Jul 12 1996,Seinen,Miura Kentarou (Story & Art),Young Animal,8.24,324,1663,3299
Kaichou wa Maid-sama!: Marriage,Manga,7,Finished,Nov 8 2013 to Apr 24 2018,Comedy / Romance / School / Shoujo,Fujiwara Hiro (Story & Art),LaLa DX,8.24,325,2219,1971
The Morose Mononokean,Manga,Ongoing,Publishing,Sep 12 2013 to ?,Comedy / Supernatural,Wazawa Kiri (Story & Art),Gangan Online,8.24,323,1372,2312
Ao Haru Ride,Manga,53,Finished,Jan 13 2011 to Feb 13 2015,Comedy / Drama / Romance / School / Shoujo / Slice of Life,Sakisaka Io (Story & Art),Bessatsu Margaret,8.24,319,36,57297
The God of Poverty Is!,Manga,81,Finished,Jun 4 2008 to Jul 4 2013,Adventure / Comedy / Fantasy / Magic / Shounen / Supernatural,Sukeno Yoshiaki (Story & Art),Jump SQ.,8.23,335,673,5823
The Great Legend of the Legendary Heroes,Novel,Ongoing,Publishing,Oct 25 2007 to ?,Action / Adventure / Fantasy / Magic,Kagami Takaya (Story)  Toyota Saori (Art),None,8.23,336,4902,393
Cloudy Laugh,Manga,29,Finished,Oct 15 2010 to May 15 2013,Action / Historical / Shoujo / Supernatural,Karakara Kemuri (Story & Art),Comic Avarus,8.23,337,570,5753
Blue Spring Ride,Novel,20,Finished,Dec 27 2011 to Jun 2 2015,Comedy / Drama / Romance / School / Shoujo / Slice of Life,Sakisaka Io (Art)  Abe Akiko (Story),None,8.23,338,582,7288
The Disaster of PSI Kusuo Saiki,Manga,290,Finished,May 14 2012 to Jul 26 2018,Comedy / Shounen / Supernatural,Asou Shuuichi (Story & Art),Shounen Jump (Weekly),8.23,340,633,5066
GTO: The Early Years,Manga,267,Finished,Sep 26 1990 to Sep 18 1996,Action / Comedy / Drama / Romance / School / Shounen,Fujisawa Tohru (Story & Art),Shounen Magazine (Weekly),8.23,326,875,4224
Akumetsu,Manga,162,Finished,Oct 2002 to Apr 6 2006,Action / Drama / Shounen / Police / Psychological / Thriller,Tabata Yoshiaki (Story)  Yugo Yuuki (Art),Shounen Champion,8.23,327,234,14982
Happy Cafe,Manga,88,Finished,Dec 4 2004 to Aug 20 2009,Comedy / Romance / Shoujo / Slice of Life,Matsuzuki Kou (Story & Art),Hana to Yume,8.23,328,637,6850
Higurashi WHEN THEY CRY: Abducted by Demons Arc,Manga,7,Finished,Mar 24 2005 to Mar 24 2006,Mystery / Drama / Horror / Psychological,Suzuragi Karin (Art)  Ryukishi07 (Story),Gangan Powered,8.23,329,568,8673
Ten: Tenhou-doori no Kaidanji,Manga,164,Finished,Aug 1989 to Apr 2002,Drama / Game,Fukumoto Nobuyuki (Story & Art),Kindai Mahjong Gold,8.23,330,3639,992
You and I,Manga,Ongoing,Publishing,Feb 2003 to ?,Comedy / Drama / Romance / School / Shounen / Slice of Life,Hotta Kiichi (Story & Art),GFantasy,8.23,331,1416,1541
Umineko WHEN THEY CRY Episode 4: Alliance of the Golden Witch,Manga,29,Finished,Oct 1 2009 to Feb 2 2012,Demons / Mystery / Drama / Horror / Magic / Psychological,Ryukishi07 (Story)  Souichirou (Art),Gangan Online,8.23,332,1615,3144
Valkyrie of the End,Manga,Ongoing,Publishing,Nov 25 2017 to ?,Action / Drama / Super / Supernatural / Seinen,Fukui Takumi (Story)  Umemura Shinya (Story)  Ajichika (Art),Comic Zenon,8.23,333,560,5686
Spirit Fingers,Manhwa,Ongoing,Publishing,May 16 2015 to ?,Comedy / Romance / Slice of Life,Han Kyoung-chal (Story & Art),Naver Webtoon,8.23,334,7589,432
Wonder Cat Kyuu-chan,Manga,Ongoing,Publishing,Jan 30 2018 to ?,Comedy / Slice of Life,Nitori Sasami (Story & Art),twi4,8.22,344,4076,984
Fate/kaleid liner Prisma Illya drei!,Manga,Ongoing,Publishing,May 26 2012 to ?,Action / Comedy / Fantasy / Magic,Hiroyama Hiroshi (Story & Art),Comp Ace,8.23,339,1668,2333
Cheese in the Trap Season 1,Manhwa,27,Finished,Jul 7 2010 to May 26 2011,Comedy / Mystery / Romance / School / Slice of Life,Soonkki (Story & Art),Naver Webtoon,8.22,341,607,5792
Shameless Purple Haze: From JoJo's Bizarre Adventure,Novel,8,Finished,Sep 16 2011 to Oct 28 2011,Action / Adventure / Shounen / Super,Araki Hirohiko (Art)  Kadono Kouhei (Story),None,8.22,342,1667,2419
xxxHOLiC Rei,Manga,Ongoing,Publishing,Mar 4 2013 to ?,Mystery / Drama / Supernatural / Seinen,CLAMP (Story & Art),Young Magazine (Weekly),8.22,343,1182,2593
Orange Novel,Novel,22,Finished,Jul 18 2015 to Mar 18 2016,Drama / Romance / School / Sci-Fi,Takano Ichigo (Story & Art)  Tokiumi Yui (Story),None,8.22,345,2028,2338
Dr. Stone,Manga,Ongoing,Publishing,Mar 6 2017 to ?,Adventure / Sci-Fi / Shounen,Inagaki Riichiro (Story)  Boichi (Art),Shounen Jump (Weekly),8.22,346,68,33004
Emma,Manga,72,Finished,Dec 12 2001 to Feb 12 2008,Historical / Romance / Slice of Life / Seinen,Mori Kaoru (Story & Art),Comic Beam,8.22,347,528,7669
Ares: Drifter Mercenaries,Manhwa,207,Finished,2001 to 2007,Action / Adventure / Drama,Ryu Geum Chel (Story & Art),None,8.22,348,836,5322
Warring States Youko,Manga,100,Finished,Dec 28 2007 to May 20 2016,Action / Adventure / Demons / Drama / Shounen,Mizukami Satoshi (Story & Art),Blade Online,8.22,349,989,3443
Major,Manga,747,Finished,Jul 13 1994 to Jul 7 2010,Comedy / Drama / Shounen / Sports,Mitsuda Takuya (Story & Art),Shounen Sunday,8.22,350,2974,1186
Kuroko's Basketball,Manga,276,Finished,Dec 8 2008 to Sep 1 2014,Comedy / School / Shounen / Sports,Fujimaki Tadatoshi (Story & Art),Shounen Jump (Weekly),8.22,351,119,31987
Kare Kano: His and Her Circumstances,Manga,108,Finished,Dec 22 1995 to May 10 2005,Comedy / Drama / Romance / School / Shoujo,Tsuda Masami (Story & Art),LaLa,8.21,352,317,12029
Yu Yu Hakusho,Manga,176,Finished,Nov 20 1990 to Jul 12 1994,Action / Comedy / Drama / Shounen / Supernatural,Togashi Yoshihiro (Story & Art),Shounen Jump (Weekly),8.21,353,187,20951
Sailor Moon,Manga,61,Finished,Dec 28 1991 to Feb 3 1997,Drama / Fantasy / Magic / Romance / Shoujo,Takeuchi Naoko (Story & Art),Nakayoshi,8.21,354,237,17251
Godchild,Manga,48,Finished,May 2 2001 to Oct 4 2003,Mystery / Historical / Horror / Shoujo / Shounen / Supernatural,Yuki Kaori (Story & Art),Hana to Yume,8.21,355,669,6178
Lunar Legend Tsukihime,Manga,74,Finished,Aug 21 2003 to Jul 27 2010,Action / Horror / Romance / Vampire / Supernatural,Type-Moon (Story)  Nasu Kinoko (Story)  Sasaki Shonen (Story & Art),Dengeki Daioh,8.21,356,370,11287
JoJo's Bizarre Adventure Part 5: Golden Wind,Manga,155,Finished,Nov 28 1995 to Mar 23 1999,Action / Adventure / Shounen,Araki Hirohiko (Story & Art),Shounen Jump (Weekly),8.21,357,93,44172
NG Life,Manga,54,Finished,Feb 1 2006 to Mar 5 2009,Comedy / Drama / Historical / Romance / Shoujo / Supernatural,Kusanagi Mizuho (Story & Art),Hana to Yume,8.21,358,1212,3353
Oresama Teacher,Manga,Ongoing,Finished,Jul 5 2007 to Feb 5 2020,Comedy / School / Shoujo,Tsubaki Izumi (Story & Art),Hana to Yume,8.21,359,283,9734
A Cruel God Reigns,Manga,55,Finished,May 26 1992 to May 26 2001,Drama / Shoujo / Shounen / Psychological,Hagio Moto (Story & Art),Petit Flower,8.21,360,2221,1670
Ace of the Diamond,Manga,418,Finished,May 17 2006 to Jul 15 2015,Comedy / School / Shounen / Sports,Terajima Yuuji (Story & Art),Shounen Magazine (Weekly),8.21,361,719,6131
The Legend of the Sun Knight,Novel,98,Finished,Jul 9 2007 to Nov 8 2011,Fantasy / Supernatural,Yu Wo (Story)  Ya Sha (Art),None,8.21,367,4443,726
Ultra Heaven,Manga,Ongoing,Publishing,Jun 12 2001 to ?,Drama / Sci-Fi / Psychological / Seinen,Koike Keiichi (Story & Art),Comic Beam,8.21,368,1938,1081
The Kawai Complex Guide to Manors and Hostel,Manga,93,Finished,Apr 30 2010 to May 30 2018,Comedy / Romance / School / Slice of Life / Seinen,Miyahara Ruri (Story & Art),Young King OURs,8.21,369,341,10352
Ouran High School Host Club Special,Manga,2,Finished,Jul 23 2011 to Aug 24 2011,Comedy / Drama / Romance / School / Shoujo / Harem / Gender Bender,Hatori Bisco (Story & Art),LaLa,8.21,370,1957,2153
Is the order a rabbit?,Manga,Ongoing,Publishing,Jan 19 2011 to ?,Comedy / Slice of Life,Koi (Story & Art),Manga Time Kirara MAX,8.21,371,3134,663
Generally Cute,Manga,Ongoing,Publishing,Feb 14 2018 to ?,Comedy / Romance / Shounen,Hata Kenjirou (Story & Art),Shounen Sunday,8.21,372,398,7535
Monogatari Series: Off Season,Novel,12,Finished,Oct 5 2015 to Jan 11 2017,Comedy / Mystery / Drama / Vampire / Supernatural,NISIO ISIN (Story)  VOFAN (Art),None,8.21,362,4904,409
The Girl From the Other Side: Siuil a Run,Manga,Ongoing,Publishing,Sep 5 2015 to ?,Shounen / Supernatural,Nagabe (Story & Art),Comic Garden,8.21,363,395,4800
Re:ZERO -Starting Life in Another World- Ex,Novel,Ongoing,Publishing,Jun 25 2015 to ?,Fantasy,Nagatsuki Tappei (Story)  Ootsuka Shinichirou (Art),None,8.21,364,3730,463
Sasaki and Miyano,Manga,Ongoing,Publishing,Feb 26 2016 to ?,School / Shounen / Slice of Life,Harusono Shou (Story & Art),Gene pixiv,8.21,365,2560,1424
NieR：Automata,Novel,20,Finished,Aug 5 2017 to Oct 24 2017,Action / Fantasy / Sci-Fi,Eishima Jun (Story),None,8.21,366,2329,685
Wind Breaker,Manhwa,Ongoing,Publishing,Dec 15 2013 to ?,Action / Drama / Sports,Jo Yongseok (Story & Art),Naver Webtoon,8.2,381,2527,1660
Katanagatari,Novel,55,Finished,Jan 9 2007 to Dec 4 2007,Action / Adventure / Comedy / Samurai / Romance,NISIO ISIN (Story)  Take (Art),None,8.2,373,3378,492
Invaders of the Rokujouma!?,Novel,Ongoing,Publishing,Mar 1 2009 to ?,Comedy / Romance / School / Harem / Supernatural,Poco (Art)  Takehaya (Story),None,8.2,382,3206,647
Helck,Manga,111,Finished,May 5 2014 to Dec 18 2017,Action / Fantasy,Nanao Nanaki (Story & Art),Ura Sunday,8.2,383,674,5789
Welcome to the N.H.K.,Manga,40,Finished,Dec 26 2003 to Apr 26 2007,Comedy / Drama / Romance / Shounen / Psychological,Ooiwa Kenji (Art)  Takimoto Tatsuhiko (Story),Shounen Ace,8.2,374,200,18774
Trigun Maximum,Manga,102,Finished,Jul 1998 to Feb 27 2008,Action / Adventure / Comedy / Drama / Sci-Fi / Seinen,Nightow Yasuhiro (Story & Art),Young King OURs,8.2,375,603,6779
Girl Friends,Manga,35,Finished,Oct 21 2006 to Aug 21 2010,School / Shoujo / Seinen,Morinaga Milk (Story & Art),Comic High!,8.2,376,232,18345
Rosario Vampire: Season II,Manga,67,Finished,Nov 4 2007 to Apr 19 2014,Action / Comedy / Ecchi / Fantasy / Magic / Romance / School / Shounen / Vampire / Harem / Supernatural,Ikeda Akihisa (Story & Art),Jump SQ.,8.2,377,150,28444
Baby Steps,Manga,462,Finished,Oct 17 2007 to Nov 1 2017,Romance / School / Shounen / Sports,Katsuki Hikaru (Story & Art),Shounen Magazine (Weekly),8.2,378,523,7795
Beelzebub,Manga,250,Finished,Feb 23 2009 to Mar 13 2015,Action / Comedy / Demons / School / Shounen / Supernatural,Tamura Ryuuhei (Story & Art),Shounen Jump (Weekly),8.2,379,54,52833
Full Metal Panic!,Novel,72,Finished,Sep 9 1998 to Aug 20 2011,Action / Comedy / Drama / Mecha / Romance / School / Sci-Fi / Military,Gatoh Shoji (Story)  Shiki Douji (Art),None,8.2,380,1822,2097
Chrno Crusade,Manga,59,Finished,Dec 9 1998 to May 8 2004,Action / Adventure / Drama / Fantasy / Romance / Sci-Fi / Shounen / Supernatural,Moriyama Daisuke (Story & Art),Comic Dragon,8.19,385,397,11601
Wild Adapter,Manga,Ongoing,Publishing,2001 to ?,Action / Comedy / Mystery / Drama / Shounen,Minekura Kazuya (Story & Art),Zero-Sum Online,8.19,386,2178,1369
High School Debut,Manga,62,Finished,Aug 13 2003 to May 13 2013,Comedy / Drama / Romance / School / Shoujo / Slice of Life,Kawahara Kazune (Story & Art),Bessatsu Margaret,8.19,387,144,24735
City Hunter,Manga,193,Finished,Feb 26 1985 to Nov 19 1991,Adventure / Comedy / Shounen / Police,Hojo Tsukasa (Story & Art),Shounen Jump (Weekly),8.19,388,1378,2492
Rookies,Manga,233,Finished,Feb 3 1998 to Aug 25 2003,Comedy / Drama / School / Shounen / Sports / Slice of Life,Morita Masanori (Story & Art),Shounen Jump (Weekly),8.19,389,1021,3443
Fushigi Yugi: Genbu Kaiden,Manga,40,Finished,Mar 15 2003 to Feb 14 2013,Adventure / Drama / Fantasy / Historical / Romance / Shoujo / Gender Bender,Watase Yuu (Story & Art),Sho-Comi Zoukan,8.19,390,1065,4513
The Rising of the Shield Hero,Novel,Ongoing,Publishing,Aug 22 2013 to ?,Fantasy,Aneko Yusagi (Story)  Minami Seira (Art),None,8.19,384,277,11179
The Flowers of Evil,Manga,58,Finished,Sep 9 2009 to May 9 2014,Drama / Romance / School / Shounen / Psychological,Oshimi Shuuzou (Story & Art),Bessatsu Shounen Magazine,8.19,392,73,37363
The Reason Why Raeliana Ended up at the Duke's Mansion,Manhwa,Ongoing,Publishing,Sep 3 2017 to ?,Comedy / Fantasy / Romance,Milcha (Story)  Golae (Art),Kakao,8.19,391,3410,1318
Uncle and Kitten,Manga,Ongoing,Publishing,Jun 12 2017 to ?,Slice of Life,Sakurai Umi (Story & Art),Gangan pixiv,8.18,395,2642,1211
King's Maker,Manhwa,38,Finished,Apr 25 2017 to Nov 14 2017,Drama / Fantasy / Shounen,Haga (Story)  Kang Ji-young (Art),Lezhin Comics Webtoon,8.18,396,7028,629
Will you marry me again if you are reborn?,Manga,Ongoing,Publishing,Oct 20 2017 to ?,Romance,Morinaga Miku (Story & Art),Gene pixiv,8.18,397,5697,544
Cardcaptor Sakura: Clear Card,Manga,Ongoing,Publishing,Jun 3 2016 to ?,Adventure / Comedy / Fantasy / Magic / Romance / Shoujo,CLAMP (Story & Art),Nakayoshi,8.18,393,1011,2888
My Solo Exchange Diary,Manga,27,Finished,May 23 2016 to Nov 13 2017,Slice of Life,Nagata Kabi (Story & Art),pixiv Comic,8.18,394,1768,1947
Please Save My Earth,Manga,138,Finished,1987 to 1994,Mystery / Drama / Fantasy / Romance / Sci-Fi / Shoujo / Space,Hiwatari Saki (Story & Art),Hana to Yume,8.18,400,1552,2201
Sayonara Zetsubou-Sensei,Manga,301,Finished,Apr 27 2005 to Jun 13 2012,Comedy / Parody / School / Shounen,Kumeta Kouji (Story & Art),Shounen Magazine (Weekly),8.18,401,449,6067
Assassination Classroom,Manga,203,Finished,Feb 21 2005 to Apr 20 2009,Mystery / Shounen / Supernatural,Matsui Yuusei (Story & Art),Shounen Jump (Weekly),8.18,402,620,6110
JoJo's Bizarre Adventure Part 3: Stardust Crusaders,Manga,152,Finished,Mar 20 1989 to Apr 14 1992,Action / Adventure / Shounen / Supernatural,Araki Hirohiko (Story & Art),Shounen Jump (Weekly),8.18,403,136,32266
The Summit of the Gods,Manga,47,Finished,Feb 1 2000 to Mar 1 2003,Adventure / Mystery / Drama / Sports / Seinen,Yumemakura Baku (Story)  Taniguchi Jiro (Art),Business Jump,8.18,404,2554,681
Crows,Manga,98,Finished,1990 to 1998,Action / School / Shounen,Takahashi Hiroshi (Story & Art),Shounen Champion (Monthly),8.18,405,776,4699
One Piece: Strong World,One-shot,1,Finished,Nov 21 2009 to Dec 12 2009,Action / Adventure / Comedy / Fantasy / Shounen / Super,Oda Eiichiro (Story & Art),Shounen Jump (Weekly),8.18,406,1007,6369
Dead Dead Demon's Dededede Destruction,Manga,Ongoing,Publishing,Apr 28 2014 to ?,Comedy / Drama / School / Sci-Fi / Slice of Life / Seinen,Asano Inio (Story & Art),Big Comic Spirits,8.18,398,385,4149
Retake!,Manga,49,Finished,Apr 3 2013 to Dec 28 2016,School / Shoujo,Oouta Rie (Story & Art),Ribon Magazine,8.18,399,1565,3075
Sunny,Manga,37,Finished,Dec 25 2010 to Jul 27 2015,Drama / Seinen,Matsumoto Taiyou (Story & Art),Ikki,8.18,407,1632,1365
Horizon on the Middle of Nowhere,Novel,872,Finished,Sep 10 2008 to Dec 7 2018,Action / Comedy / Fantasy / School / Sci-Fi,Kawakami Minoru (Story)  Satoyasu (Art),None,8.18,408,3077,354
When Hikaru was on the earth,Novel,93,Finished,May 30 2011 to Apr 28 2014,Mystery / Romance / School / Supernatural,Nomura Mizuki (Story)  Takeoka Miho (Art),None,8.18,409,3340,867
Stargazing Dog,Manga,4,Finished,Jul 22 2008 to Jan 20 2009,Slice of Life / Seinen,Murakami Takashi (Story & Art),Manga Action,8.17,410,1538,3301
Date A Live,Novel,Ongoing,Publishing,Mar 19 2011 to ?,Mecha / Romance / School / Sci-Fi / Harem,Tachibana Koushi (Story)  Tsunako (Art),None,8.17,411,1079,2860
K - Memory of Red,Manga,16,Finished,May 28 2012 to Jul 27 2013,Action / Martial Arts / Shoujo / Supernatural,Kuroe Yui (Art)  GoRA (Story),ARIA,8.17,412,1196,3726
Reborn!,Manga,411,Finished,May 24 2004 to Nov 12 2012,Action / Comedy / School / Shounen / Super,Amano Akira (Story & Art),Shounen Jump (Weekly),8.17,418,47,56626
Bokurano: Ours,Manga,66,Finished,Nov 25 2003 to Jun 25 2009,Drama / Mecha / Sci-Fi / Psychological / Seinen,Kitoh Mohiro (Story & Art),Ikki,8.17,419,442,7828
Maison Ikkoku,Manga,162,Finished,Oct 14 1980 to Apr 6 1987,Comedy / Drama / Romance / Slice of Life / Seinen,Takahashi Rumiko (Story & Art),Big Comic Spirits,8.17,420,1094,3752
History's Strongest Disciple Kenichi,Manga,584,Finished,Aug 9 2002 to Sep 17 2014,Action / Comedy / Drama / Ecchi / Martial Arts / Shounen,Matsuena Syun (Story & Art),Shounen Sunday,8.17,421,133,30954
H2,Manga,338,Finished,1992 to 1999,Comedy / Drama / Romance / School / Shounen / Sports,Adachi Mitsuru (Story & Art),Shounen Sunday,8.17,422,1566,3545
Kono Suba: Spin Off,Novel,30,Finished,Jul 1 2014 to Mar 1 2019,Comedy / Fantasy / Supernatural,Mishima Kurone (Art)  Akatsuki Natsume (Story),The Sneaker Web,8.17,416,3101,1123
The Faraway Paladin,Novel,Ongoing,Publishing,Mar 25 2016 to ?,Adventure / Fantasy,Rin Kususaga (Art)  Yanagino Kanata (Story),None,8.17,417,4061,613
Aoharu x Machine Gun,Manga,Ongoing,Publishing,Jun 18 2012 to ?,Action / Comedy / Shounen,NAOE (Story & Art),GFantasy,8.17,413,997,2914
He does not have any friends,Manga,81,Finished,May 25 2012 to May 22 2019,Comedy / School / Shounen / Slice of Life,Sakura Jun (Story & Art),Shounen Sunday,8.17,414,979,3895
Sweetness and Lightning,Manga,63,Finished,Feb 7 2013 to Dec 7 2018,Comedy / Slice of Life / Seinen,Amagakure Gido (Story & Art),good! Afternoon,8.17,415,727,3936
Innocent,Manga,99,Finished,Jan 31 2013 to Apr 16 2015,Drama / Historical / Seinen,Sakamoto Shinichi (Story & Art),Young Jump,8.16,430,584,4709
Teasing Master Takagi-san,Manga,Ongoing,Publishing,Jun 12 2012 to ?,Comedy / Romance / School / Shounen / Slice of Life,Yamamoto Souichirou (Story & Art),Gessan,8.16,431,165,15068
My Brother's Husband,Manga,28,Finished,Sep 25 2014 to May 25 2017,Comedy / Slice of Life,Tagame Gengorou (Story & Art),Monthly Action,8.16,432,1936,1900
Hikaru no Go,Manga,198,Finished,Dec 8 1998 to Jul 14 2003,Comedy / Drama / Game / Shounen / Supernatural,Obata Takeshi (Art)  Hotta Yumi (Story),Shounen Jump (Weekly),8.16,423,262,18086
Gantz,Manga,383,Finished,Jul 13 2000 to Jun 20 2013,Action / Drama / Ecchi / Horror / Sci-Fi / Supernatural / Psychological / Seinen,Oku Hiroya (Story & Art),Young Jump,8.16,424,20,75145
Pokémon Adventures,Manga,Ongoing,Publishing,Apr 1997 to ?,Action / Adventure / Kids / Shounen,Kusaka Hidenori (Story)  Yamamoto Satoshi (Art)  Mato (Art),CoroCoro Comic,8.16,425,266,15676
The Ravages of Time,Manhua,Ongoing,Publishing,Jun 15 2001 to ?,Action / Adventure / Historical / Military,Chen Mou (Story & Art),None,8.16,426,1580,1070
Message to Adolf,Manga,36,Finished,Dec 22 1983 to May 16 1985,Drama / Historical / Military,Tezuka Osamu (Story & Art),Shuukan Bunshun,8.16,427,948,3346
JoJo's Bizarre Adventure Part 6: Stone Ocean,Manga,158,Finished,Dec 7 1999 to Apr 8 2003,Action / Adventure / Shounen,Araki Hirohiko (Story & Art),Shounen Jump (Weekly),8.16,428,61,54120
Silver Fang,Manga,55,Finished,Nov 15 1983 to Feb 24 1987,Shounen,Takahashi Yoshihiro (Story & Art),Shounen Jump (Weekly),8.16,429,4102,1107
Frieren at the Funeral,Manga,Ongoing,Publishing,Apr 28 2020 to ?,Adventure / Fantasy / Magic / Shounen,Yamada Kanehito (Story)  Abe Tsukasa (Art),Shounen Sunday,8.16,436,4538,930
The Devil Is a Part-Timer!,Novel,Ongoing,Publishing,Feb 10 2011 to ?,Comedy / Demons / Fantasy / Romance / Supernatural,Wagahara Satoshi (Story)  029 (Art),None,8.16,433,556,3620
Kubera,Manhwa,Ongoing,Publishing,Feb 7 2010 to ?,Action / Adventure / Comedy / Fantasy / Romance / Shounen,Currygom (Story & Art),Naver Webtoon,8.16,434,1167,2871
Puella Magi Madoka Magica: The different story,Manga,12,Finished,Jun 12 2012 to Nov 12 2012,Drama / Horror / Magic / School / Seinen,Magica Quartet (Story)  Hanokage (Art),None,8.16,435,894,5949
Tokidoki,One-shot,1,Finished,Oct 20 2016 to Oct 20 2016,Drama / Romance / School / Shounen,Komi Naoshi (Story & Art),Jump GIGA,8.16,437,424,14139
Skill of Lure,Manhwa,36,Finished,Mar 1 2013 to Jan 1 2016,Comedy / Ecchi / Romance / Shounen / Slice of Life,Woo Sang Ho (Story & Art),Chance+,8.15,438,714,7714
Wolf & Parchment: New Theory Spice & Wolf,Novel,Ongoing,Publishing,Sep 10 2016 to ?,Fantasy,Hasekura Isuna (Story)  Ayakura Juu (Art),None,8.15,439,3056,396
Your Letter,Manhwa,11,Finished,Aug 11 2018 to Oct 13 2018,Adventure / Mystery / Drama / School,Cho Hyun-ah (Story & Art),Naver Webtoon,8.15,454,6010,915
Uzumaki: Spiral into Horror,Manga,19,Finished,Jan 12 1998 to Aug 30 1999,Dementia / Drama / Horror / Romance / Supernatural / Psychological / Seinen,Ito Junji (Story & Art),Big Comic Spirits,8.15,443,46,55689
Beauty Pop,Manga,57,Finished,Sep 2003 to Feb 2008,Comedy / Romance / School / Shoujo,Arai Kiyoko (Story & Art),Ciao,8.14,444,396,13032
Iryuu: Team Medical Dragon,Manga,210,Finished,Nov 1 2002 to Jan 28 2011,Drama / Psychological / Seinen,Nagai Akira (Story)  Nogizaka Tarou (Art),Big Comic Superior,8.15,445,1344,2929
Twin Spica,Manga,97,Finished,Jun 5 2000 to Aug 5 2009,Drama / Fantasy / Sci-Fi / Slice of Life / Supernatural / Seinen,Yaginuma Kou (Story & Art),Comic Flapper,8.15,446,3031,894
Into the Forest of Fireflies' Light,Manga,4,Finished,Jun 10 2002 to Mar 24 2003,Drama / Romance / Shoujo,Midorikawa Yuki (Story & Art),LaLa,8.15,447,670,7205
Death Frenzy,Manga,84,Finished,Jun 19 2003 to Jul 17 2010,Action / Drama / Historical / Martial Arts / Samurai / Seinen,Yamaguchi Takayuki (Art)  Nanjou Norio (Story),Champion RED,8.15,448,720,5014
I Am Called Yamamoto Zenjirou,Manga,20,Finished,Feb 2007 to Aug 17 2011,Drama / Romance / Shoujo / Supernatural,Maki Youko (Story & Art),Ribon Mascot,8.15,449,2168,2120
Adekan,Manga,Ongoing,Publishing,Jul 14 2007 to ?,Action / Historical / Shoujo,Nao Tsukiji (Story & Art),Wings,8.15,450,1459,1989
Shaman King KZB,Manga,33,Finished,Mar 4 2008 to Apr 3 2009,Action / Adventure / Comedy / Supernatural,Takei Hiroyuki (Story & Art),Jump SQ.,8.15,451,951,5901
House of Five Leaves,Manga,59,Finished,Nov 25 2005 to Jul 24 2010,Drama / Historical / Samurai / Seinen,Ono Natsume (Story & Art),Ikki,8.15,452,2569,936
Saiyuuki Reload Blast,Manga,Ongoing,Publishing,Dec 28 2009 to ?,Action / Adventure / Comedy / Drama / Fantasy / Josei,Minekura Kazuya (Story & Art),Comic ZERO-SUM,8.15,453,3936,548
Ouran High School Host Club Short Special,One-shot,1,Finished,Nov 2010,Comedy,Hatori Bisco (Story & Art),LaLa,8.15,440,2415,2138
Kagerou Daze,Novel,Ongoing,Finished,May 30 2012 to Dec 29 2017,Comedy / Magic / Sci-Fi / Slice of Life,Jin (Story)  Sidu (Art),None,8.15,441,1229,1866
Food Wars: Shokugeki no Soma,Manga,325,Finished,Nov 26 2012 to Aug 29 2019,Ecchi / School / Shounen,Saeki Shun (Art)  Tsukuda Yuuto (Story)  Morisaki Yuki (Story),Shounen Jump (Weekly),8.15,442,19,67859
The Voynich Hotel,Manga,68,Finished,Oct 17 2006 to Mar 17 2015,Comedy / Ecchi / Horror / Seinen,Dowman Sayman (Story & Art),Young Champion Retsu,8.14,457,429,8791
My Love Story!!,Manga,52,Finished,Dec 13 2011 to Jul 13 2016,Comedy / Romance / Shoujo,Kawahara Kazune (Story)  Aruko (Art),Bessatsu Margaret,8.14,458,431,7265
Kase-san and Morning Glories,Manga,Ongoing,Publishing,Aug 25 2010 to ?,Romance / School / Shoujo,Takashima Hiromi (Story & Art),Wings,8.14,459,508,6616
The Eminence in Shadow,Novel,Ongoing,Publishing,Nov 5 2018 to ?,Action / Comedy / Fantasy,Touzai (Art)  Aizawa Daisuke (Story),None,8.14,455,5831,499
The Horizon,Manhwa,21,Finished,Mar 30 2016 to Jul 21 2016,Adventure / Drama / Psychological,Jeong Ji-Hoon (Story & Art),Comica,8.15,456,13941,219
Attack on Titan: No Regrets,Manga,8,Finished,Nov 28 2013 to Jun 28 2014,Action / Fantasy / Shoujo / Supernatural,Suruga Hikaru (Art)  Sunaaku Gan (Story),ARIA,8.14,460,276,17052
Friend Game,Manga,Ongoing,Publishing,Dec 9 2013 to ?,Game / Shounen / Psychological,Yamaguchi Mikoto (Story)  Satou Yuuki (Art),Bessatsu Shounen Magazine,8.14,461,994,2975
Cromartie High School,Manga,335,Finished,Jul 19 2000 to May 17 2006,Comedy / Shounen,Nonaka Eiji (Story & Art),Shounen Magazine (Weekly),8.14,462,1171,2825
The Kindaichi Case Files,Manga,219,Finished,Oct 14 1992 to Oct 22 1997,Mystery / Drama / Shounen / Supernatural / Psychological,Kibayashi Shin (Story)  Kanari Youzaburou (Story)  Satou Fumiya (Art),Shounen Magazine (Weekly),8.14,463,2904,1430
Dogs: Bullets & Carnage,Manga,Ongoing,Publishing,Jun 18 2005 to ?,Action / Drama / Seinen,Miwa Shirow (Story & Art),Ultra Jump,8.14,464,356,8032
Battle Angel Alita: Last Order,Manga,124,Finished,Jul 19 2001 to Jan 28 2014,Action / Drama / Martial Arts / Sci-Fi / Seinen,Kishiro Yukito (Story & Art),Ultra Jump,8.14,465,657,5846
Initial D,Manga,724,Finished,Jun 26 1995 to Jul 29 2013,Action / Cars / Drama / Sports / Seinen,Shigeno Shuuichi (Story & Art),Young Magazine (Weekly),8.13,466,745,5293
Gangster Teacher,Manga,156,Finished,Dec 15 1999 to Feb 15 2007,Action / Comedy / Romance / School / Slice of Life / Josei,Morimoto Kozueko (Story & Art),YOU,8.13,467,905,5380
Higurashi WHEN THEY CRY: Curse Killing Arc,Manga,13,Finished,May 18 2005 to May 18 2006,Mystery / Drama / Horror / Shounen / Supernatural / Psychological,Suzuki Jirou (Art)  Ryukishi07 (Story),GFantasy,8.13,468,1140,4622
Shoulder-a-Coffin Kuro,Manga,86,Finished,Dec 9 2004 to May 10 2018,Adventure / Fantasy,Kiyuzuki Satoko (Story & Art),Manga Time Kirara,8.13,469,3442,727
Book Girl,Novel,74,Finished,Apr 28 2006 to Aug 30 2008,Mystery / Drama / Romance,Nomura Mizuki (Story)  Takeoka Miho (Art),None,8.13,470,2316,1093
When the Seagulls Cry Breakdown,Novel,Ongoing,Finished,Jul 13 2012 to Sep 30 2018,Mystery / Fantasy / Horror / Supernatural / Psychological / Thriller,Ryukishi07 (Story)  Tomohi (Art),None,8.13,478,4982,614
Like and Love,Manga,46,Finished,Oct 10 2009 to Apr 9 2016,Comedy / Romance / School / Shoujo,Tsujita Ririko (Story & Art),LaLa DX,8.13,473,1162,3576
5 Centimeters Per Second,Manga,11,Finished,May 25 2010 to Mar 25 2011,Drama / Romance / Seinen,Shinkai Makoto (Story)  Seike Yukiko (Art),Afternoon,8.13,474,451,10527
Gangsta,Manga,Ongoing,Publishing,Jan 21 2011 to ?,Action / Drama / Seinen,Kohske (Story & Art),Comic@Bunch,8.13,475,204,12126
Sakura-sou no Pet na Kanojo,Novel,Ongoing,Finished,Jan 10 2010 to Mar 8 2014,Comedy / Romance / Slice of Life,Kamoshida Hajime (Story)  Mizoguchi Keiji (Art),None,8.13,476,1122,2121
Log Horizon,Novel,Ongoing,Publishing,Apr 13 2010 to ?,Action / Adventure / Fantasy / Magic / Sci-Fi,Touno Mamare (Story)  Hara Kazuhiro (Art),None,8.13,477,1131,1876
Astra Lost in Space,Manga,49,Finished,May 9 2016 to Dec 30 2017,Action / Sci-Fi / Shounen / Space,Shinohara Kenta (Story & Art),Shounen Jump+,8.13,471,1315,3371
Machikado Mazoku,Manga,Ongoing,Publishing,Jun 28 2014 to ?,Comedy / Magic / Slice of Life,Ito Izumo (Story & Art),Manga Time Kirara Carat,8.13,472,4065,599
Re:ZERO -Starting Life in Another World- Chapter 3: Truth of Zero,Manga,Ongoing,Publishing,May 27 2015 to ?,Action / Fantasy / Seinen,Matsuse Daichi (Art)  Nagatsuki Tappei (Story),Comic Alive,8.12,480,1503,1752
Nogi Wakaba Is a Hero,Novel,21,Finished,Jul 30 2015 to Jan 30 2017,Fantasy / Magic,BUNBUN (Art)  Takahiro (Story)  Akashiro Aoi (Story),Dengeki G's magazine,8.12,481,3799,954
Boarding School Juliet,Manga,121,Finished,Jul 9 2015 to Sep 4 2019,Action / Comedy / Romance / School / Shounen,Kaneda Yousuke (Story & Art),Shounen Magazine (Weekly),8.12,482,353,10851
Sword Art Online: Project Alicization,Manga,Ongoing,Publishing,Aug 9 2016 to ?,Action / Fantasy / Game / Sci-Fi,Yamada Koutarou (Art)  Kawahara Reki (Story),Dengeki Bunko Magazine,8.12,483,2301,1308
Our Dining Table,Manga,8,Finished,Nov 21 2015 to Jan 21 2017,Shounen / Slice of Life,Mita Ori (Story & Art),RuTile,8.12,484,4018,1334
Senryuu Girl,Manga,Ongoing,Publishing,Oct 19 2016 to ?,Comedy / School / Shounen / Slice of Life,Igarashi Masakuni (Story & Art),Shounen Magazine (Weekly),8.12,485,589,4153
Seraph of the End: Guren Ichinose - Catastrophe at Sixteen,Novel,46,Finished,Jan 4 2013 to Dec 2 2016,Action / Drama / Vampire / Supernatural,Yamamoto Yamato (Art)  Kagami Takaya (Story),None,8.12,479,2160,1307
Soul Eater,Manga,117,Finished,Jun 24 2003 to Aug 12 2013,Action / Fantasy / Shounen / Supernatural,Ookubo Atsushi (Story & Art),Shounen Gangan,8.12,486,24,60459
Fist of the North Star,Manga,245,Finished,Sep 13 1983 to Jul 26 1988,Action / Drama / Martial Arts / Sci-Fi / Shounen,Hara Tetsuo (Art)  Buronson (Story),Shounen Jump (Weekly),8.12,487,426,9640
Vassalord,Manga,36,Finished,Nov 17 2004 to Feb 15 2013,Action / Comedy / Mystery / Fantasy / Shoujo / Shounen / Vampire / Supernatural,Chrono Nanae (Story & Art),Comic Blade Zebel,8.12,488,859,4726
Goldfish Sonata,Manga,9,Finished,Aug 10 2005 to Feb 10 2007,Drama / Romance / Shoujo,Fujitsuka Yuki (Story & Art),LaLa DX,8.12,489,1584,3279
Tomorrow's King,Manga,53,Finished,1996 to 2001,Josei,Yachi Emiko (Story & Art),Young You,8.12,490,3717,1413
No Longer Human,Manga,12,Finished,Feb 6 2009 to Apr 21 2011,Drama / Historical / Psychological / Seinen,Furuya Usamaru (Story & Art)  Dazai Osamu (Story),Comic Bunch,8.12,491,749,2951
Kingdom Hearts 358/2 Days,Manga,35,Finished,Aug 12 2009 to Sep 12 2012,Fantasy / Shounen,Amano Shiro (Art)  Nomura Tetsuya (Story),Shounen Gangan,8.12,492,1280,3500
Sword Art Online,Novel,Ongoing,Publishing,Apr 10 2009 to ?,Action / Adventure / Fantasy / Game / Romance / Sci-Fi,BUNBUN (Art)  Kawahara Reki (Story),None,8.12,493,164,18169
Puella Magi Madoka Magica,Manga,12,Finished,Feb 12 2011 to May 30 2011,Drama / Fantasy / Horror / Magic / School,Magica Quartet (Story)  Hanokage (Art),None,8.12,494,328,14703
Descending Stories: Showa Genroku Rakugo Shinju,Manga,31,Finished,Mar 25 2010 to Jun 7 2016,Drama / Josei,Kumota Haruko (Story & Art),ITAN,8.12,495,2845,538
Pandora Hearts: Caucus Race,Novel,14,Finished,Mar 26 2011 to May 27 2013,Action / Fantasy / Magic / Supernatural,Mochizuki Jun (Art)  Wakamiya Shinobu (Story),None,8.12,496,3555,575
Magi: The Adventures of Sinbad,Manga,182,Finished,May 8 2013 to May 2 2018,Action / Adventure / Fantasy / Shounen,Ohtaka Shinobu (Story)  Ohtera Yoshifumi (Art),Ura Sunday,8.12,497,406,8513
Getter Robo Saga,Manga,69,Finished,Not available,Action / Mecha / Shounen,Ishikawa Ken (Story & Art),None,8.11,498,8937,325
Yamada-kun and the Seven Witches,Manga,246,Finished,Feb 22 2012 to Feb 22 2017,Comedy / Mystery / Romance / School / Shounen / Harem / Supernatural,Yoshikawa Miki (Story & Art),Shounen Magazine (Weekly),8.11,499,62,40015
The World Is Still Beautiful,Manga,153,Finished,Mar 5 2009 to May 20 2020,Adventure / Fantasy / Romance / Shoujo,Shiina Dai (Story & Art),Hana to Yume,8.11,500,551,5358